-- MySQL dump 10.13  Distrib 8.0.42, for Win64 (x86_64)
--
-- Host: localhost    Database: aoop
-- ------------------------------------------------------
-- Server version	8.0.42

/*!40101 SET @OLD_CHARACTER_SET_CLIENT=@@CHARACTER_SET_CLIENT */;
/*!40101 SET @OLD_CHARACTER_SET_RESULTS=@@CHARACTER_SET_RESULTS */;
/*!40101 SET @OLD_COLLATION_CONNECTION=@@COLLATION_CONNECTION */;
/*!50503 SET NAMES utf8mb4 */;
/*!40103 SET @OLD_TIME_ZONE=@@TIME_ZONE */;
/*!40103 SET TIME_ZONE='+00:00' */;
/*!40014 SET @OLD_UNIQUE_CHECKS=@@UNIQUE_CHECKS, UNIQUE_CHECKS=0 */;
/*!40014 SET @OLD_FOREIGN_KEY_CHECKS=@@FOREIGN_KEY_CHECKS, FOREIGN_KEY_CHECKS=0 */;
/*!40101 SET @OLD_SQL_MODE=@@SQL_MODE, SQL_MODE='NO_AUTO_VALUE_ON_ZERO' */;
/*!40111 SET @OLD_SQL_NOTES=@@SQL_NOTES, SQL_NOTES=0 */;

--
-- Table structure for table `employees`
--

DROP TABLE IF EXISTS `employees`;
/*!40101 SET @saved_cs_client     = @@character_set_client */;
/*!50503 SET character_set_client = utf8mb4 */;
CREATE TABLE `employees` (
  `employee_id` int NOT NULL AUTO_INCREMENT,
  `last_name` varchar(100) DEFAULT NULL,
  `first_name` varchar(100) DEFAULT NULL,
  `birthday` date DEFAULT NULL,
  `address` varchar(255) DEFAULT NULL,
  `phone_number` varchar(20) DEFAULT NULL,
  `sss_number` varchar(50) DEFAULT NULL,
  `philhealth_number` varchar(50) DEFAULT NULL,
  `tin_number` varchar(50) DEFAULT NULL,
  `pagibig_number` varchar(50) DEFAULT NULL,
  `status` varchar(50) DEFAULT NULL,
  `supervisor_id` int DEFAULT NULL,
  `basic_salary` decimal(12,2) DEFAULT NULL,
  `rice_subsidy` decimal(10,2) DEFAULT NULL,
  `phone_allowance` decimal(10,2) DEFAULT NULL,
  `clothing_allowance` decimal(10,2) DEFAULT NULL,
  `position_id` int DEFAULT NULL,
  PRIMARY KEY (`employee_id`),
  KEY `supervisor_id` (`supervisor_id`),
  KEY `fk_position` (`position_id`),
  CONSTRAINT `employees_ibfk_1` FOREIGN KEY (`supervisor_id`) REFERENCES `employees` (`employee_id`),
  CONSTRAINT `fk_position` FOREIGN KEY (`position_id`) REFERENCES `positions` (`position_id`)
) ENGINE=InnoDB AUTO_INCREMENT=10039 DEFAULT CHARSET=utf8mb4 COLLATE=utf8mb4_0900_ai_ci;
/*!40101 SET character_set_client = @saved_cs_client */;

--
-- Dumping data for table `employees`
--

LOCK TABLES `employees` WRITE;
/*!40000 ALTER TABLE `employees` DISABLE KEYS */;
INSERT INTO `employees` VALUES (10001,'Garcia','Manuel III','1983-10-10','Valero Carpark Building Valero Street 1227 Makati City','966-860-270','44-4506057-3','8.20127E+11','442-605-657-000','6.91295E+11','Regular',NULL,90000.00,1500.00,2000.00,1000.00,NULL),(10002,'Lim','Antonio','1988-06-19','San Antonio De Padua 2 Block 1 Lot 8 and 2 Dasmarinas Cavite','171-867-411','52-2061274-9','3.31736E+11','683-102-776-000','6.63905E+11','Regular',NULL,60000.00,1500.00,2000.00,1000.00,NULL),(10003,'Aquino','Bianca Sofia','1989-08-04','Rm. 402 4/F Jiao Building Timog Avenue Cor. Quezon Avenue 1100 Quezon City','966-889-370','30-8870406-2','1.77451E+11','971-711-280-000','1.7152E+11','Regular',NULL,60000.00,1500.00,2000.00,1000.00,NULL),(10004,'Reyes','Isabella','1994-06-16','460 Solanda Street Intramuros 1000 Manila','786-868-477','40-2511815-0','3.41911E+11','876-809-437-000','4.16947E+11','Regular',NULL,60000.00,1500.00,2000.00,1000.00,NULL),(10005,'Hernandez','Eduard','1989-09-23','National Highway Gingoog Misamis Occidental','088-861-012','55-7453448-4','9.57436E+11','103-100-522-000','6.31053E+11','Regular',10002,52670.00,1500.00,1000.00,1000.00,NULL),(10006,'Villanueva','Andrea Mae','1988-02-14','17/85 Stracke Via Suite 042 Poblacion Las Piñas 4783 Dinagat Islands','918-621-603','49-1632020-8','3.82189E+11','112-508-198-000','7.19225E+11','Regular',10002,52670.00,1500.00,1000.00,1000.00,NULL),(10007,'San Jose','Brad','1996-03-15','99 Strosin Hills Poblacion Bislig 5340 Tawi-Tawi','797-009-261','40-2400714-1','2.39193E+11','210-805-911-000','1.14901E+11','Regular',10006,42975.00,1500.00,800.00,800.00,NULL),(10008,'Romualdez','Fredrick','1992-06-28','12A/33 Upton Isle Apt. 420 Roxas City 1814 Surigao del Norte','983-606-799','26-9647608-3','1.26445E+11','275-792-513-000','5.05279E+11','Regular',10006,22500.00,1500.00,500.00,500.00,NULL),(10009,'Atienza','Cristina','1990-05-11','90A Dibbert Terrace Apt. 190 San Lorenzo 6056 Davao del Norte','266-036-427','55-4476527-2','5.45653E+11','888-572-294-000','3.99665E+11','Regular',10006,22500.00,1500.00,500.00,500.00,NULL),(10010,'Alvaro','Roderick','1988-03-09','#284 T. Morato corner Scout Rallos Street Quezon City','053-381-386','26-8768374-1','4.31709E+11','604-997-793-000','6.3113E+11','Regular',10003,52670.00,1500.00,1000.00,1000.00,NULL),(10011,'Salcedo','Anthony','1993-09-14','93/54 Shanahan Alley Apt. 183 Santo Tomas 1572 Masbate','070-766-300','26-7145133-4','2.33694E+11','210-835-851-000','7.19807E+11','Regular',10002,50825.00,1500.00,1000.00,1000.00,NULL),(10012,'Lopez','Christian','1991-12-20','49 Springs Apt. 266 Poblacion Taguig 3200 Occidental Mindoro','478-355-427','52-0109570-6','5.15741E+11','275-325-334-000','9.1666E+11','Regular',10011,38475.00,1500.00,800.00,800.00,NULL),(10013,'Mendoza','Angelo','1998-12-30','42/25 Sawayn Stream Ubay 1208 Zamboanga del Norte','526-639-511','60-1152426-4','3.08367E+11','595-800-251-000','1.04908E+11','Regular',10011,24000.00,1500.00,500.00,500.00,NULL),(10014,'Santos','Angelica','2000-06-15','37/46 Kulas Roads Maragondon 0962 Quirino','329-034-366','60-8359821-7','7.45148E+11','121-203-336-000','9.45358E+11','Regular',10011,24000.00,1500.00,500.00,500.00,NULL),(10015,'Rosario','Cydney','1996-08-24','22A/52 Lubowitz Meadows Pililla 4895 Zambales','877-110-749','55-5053-122-5','3.08105E+11','122-244-511-000','4.12523E+11','Regular',10003,53500.00,1500.00,1000.00,1000.00,NULL),(10016,'Bautista','Sandra','1993-02-15','90 O\'Keefe Spur Apt. 379 Catigbian 2772 Sulu','683-725-348','49-1629900-2','7.45667E+11','218-489-737-000','9.55072E+11','Regular',10004,42975.00,1500.00,800.00,800.00,NULL),(10017,'Villanueva','Andrea Mae','1978-08-27','89A Armstrong Trace Compostela 7874 Maguindanao','179-835-694','45-5866331-6','5.15613E+11','236-346-689-000','2.75229E+11','Regular',10004,42975.00,1500.00,800.00,800.00,NULL),(10018,'Ramos','Martha','1984-12-28','08 Grant Drive Suite 406 Poblacion Iloilo City 9186 La Union','975-432-139','41-7544986-3','3.99665E+11','215-973-463-000','7.10312E+11','Regular',10004,25275.00,1500.00,500.00,500.00,NULL),(10019,'Gutierrez','Rafael','1978-01-31','93A/21 Berge Points Tapaz 2180 Quezon','687-620-489','45-3251383-0','5.78115E+11','316-180-072-000','1.10368E+11','Regular',10005,25275.00,1500.00,500.00,500.00,NULL),(10020,'Montero','Rita','1986-12-18','65 Murphy Centers Poblacion Palayan 5636 Quirino','853-169-957','52-8080486-0','3.99665E+11','317-674-022-000','6.97292E+11','Regular',10005,28475.00,1500.00,500.00,500.00,NULL),(10021,'De Leon','Leila','1979-06-15','47 Farrell Ridge Suite 588 Poblacion Caloocan 7142 Guimaras','786-868-477','52-1577535-1','6.06078E+11','210-395-397-000','1.82596E+11','Regular',10005,28475.00,1500.00,500.00,500.00,NULL),(10022,'Fernandez','Carl','1986-04-06','75A/11 Jerde Meadow Burgos 4238 Albay','684-809-682','40-9504657-8','1.81857E+11','825-797-959-000','8.50438E+11','Regular',10007,24000.00,1500.00,500.00,500.00,NULL),(10023,'Valdez','Jennie','1976-04-28','17 Schmitt Avenue Mabini 4175 Laguna','070-766-300','45-5866331-6','7.45148E+11','888-572-294-000','8.0783E+11','Regular',10007,33000.00,1500.00,800.00,800.00,NULL),(10024,'Cruz','Rafael','1997-06-17','22A Leannon Meadow Burgos 3355 Southern Leyte','836-050-317','26-9647608-3','2.33694E+11','604-997-793-000','1.3476E+11','Regular',10007,33000.00,1500.00,800.00,800.00,NULL),(10025,'Domingo','Gloria','1985-03-27','72/97 Mayert Track Luisiana 1263 Dinagat Islands','070-784-123','40-2400714-1','2.82277E+11','275-797-513-000','7.45487E+11','Regular',10016,33000.00,1500.00,800.00,800.00,NULL),(10026,'Santiago','Selena','1986-10-30','80A/48 Gorczany Ridge Luisiana 1263 Dinagat Islands','778-377-830','45-3251383-0','1.73473E+11','210-835-851-000','6.34905E+11','Regular',10016,24000.00,1500.00,500.00,500.00,NULL),(10027,'Mata','Christian','1981-10-21','442 Padberg Spring San Lorenzo 9866 Quirino','975-262-837','52-1052986-1','8.68337E+11','317-674-022-000','6.71192E+11','Regular',10016,24000.00,1500.00,500.00,500.00,NULL),(10028,'Mercado','Emma','1981-08-13','89 Sporer Motorway Poblacion Palayan 5646 Quirino','269-720-406','40-2511815-0','3.41911E+11','604-997-793-000','9.2317E+11','Regular',10022,24000.00,1500.00,500.00,500.00,NULL),(10029,'Navarro','Joshua','1987-06-16','63 O\'Keefe Heights Washington 1967 Camiguin','881-837-523','45-5866331-6','8.82909E+11','210-805-911-000','3.64146E+11','Regular',10022,22500.00,1500.00,500.00,500.00,NULL),(10030,'Mendoza','Emilio','1973-05-29','316 Padberg Spring Limay 6024 Iloilo','975-432-139','45-3251383-0','8.04398E+11','218-489-737-000','9.2317E+11','Regular',10022,22500.00,1500.00,500.00,500.00,NULL),(10031,'Pineda','Christine','1984-11-22','72A Armstrong Trace Compostela 7874 Maguindanao','234-809-682','49-1629900-2','2.39193E+11','275-792-513-000','6.31053E+11','Regular',10028,22500.00,1500.00,500.00,500.00,NULL),(10032,'Torres','Jayson','1973-11-01','72A Armstrong Trace Compostela 7874 Maguindanao','834-860-270','52-0109570-6','5.15741E+11','598-065-074-000','6.71192E+11','Regular',10028,22500.00,1500.00,500.00,500.00,NULL),(10033,'Castro','Aurora','1979-03-04','22A Lubowitz Meadows Pililla 4895 Zambales','683-725-348','40-9504657-8','5.17626E+11','103-100-522-000','1.04908E+11','Regular',10028,22500.00,1500.00,500.00,500.00,NULL),(10034,'Martinez','Divina','1978-10-11','50A/83 San Juan St. Pantok Binangonan Rizal','464-316-285','45-3251383-0','3.80685E+11','923-630-728-000','6.91295E+11','Regular',10028,22500.00,1500.00,500.00,500.00,NULL),(10035,'John Paul','Arquita','2001-03-01','Davao CIty','9123456789','123-456-789','123456789','123456789','123456789','Regular',10028,90000.00,500.00,500.00,500.00,NULL),(10036,'Gonzales','Macky','2000-08-05','Bulacan','097858627493','123654789','987456321','985632147','1414141414','Regular',10005,50000.00,1500.00,1500.00,1500.00,NULL),(10037,'Manalo','Mika','2000-07-09','Pampanga','09758694265','3214569874','789456123','741852963213','2125478563','Regular',10005,50000.00,1500.00,1500.00,1500.00,NULL),(10038,'Dela Cruz','Juan ','1990-01-15','Metro Manila','09123456789','74125896587','789654123654','74125896352','32561487956','Regular',10005,35000.00,1000.00,1000.00,1000.00,NULL);
/*!40000 ALTER TABLE `employees` ENABLE KEYS */;
UNLOCK TABLES;

--
-- Table structure for table `attendance`
--

DROP TABLE IF EXISTS `attendance`;
/*!40101 SET @saved_cs_client     = @@character_set_client */;
/*!50503 SET character_set_client = utf8mb4 */;
CREATE TABLE `attendance` (
  `attendance_id` int NOT NULL AUTO_INCREMENT,
  `employee_id` int DEFAULT NULL,
  `log_date` date DEFAULT NULL,
  `login_time` time DEFAULT NULL,
  `logout_time` time DEFAULT NULL,
  `submitted_to_supervisor` tinyint(1) DEFAULT NULL,
  `submitted_to_payroll` tinyint(1) DEFAULT NULL,
  `remarks` varchar(255) DEFAULT NULL,
  PRIMARY KEY (`attendance_id`),
  KEY `employee_id` (`employee_id`),
  CONSTRAINT `attendance_ibfk_1` FOREIGN KEY (`employee_id`) REFERENCES `employees` (`employee_id`)
) ENGINE=InnoDB AUTO_INCREMENT=119 DEFAULT CHARSET=utf8mb4 COLLATE=utf8mb4_0900_ai_ci;
/*!40101 SET character_set_client = @saved_cs_client */;

--
-- Dumping data for table `attendance`
--

LOCK TABLES `attendance` WRITE;
/*!40000 ALTER TABLE `attendance` DISABLE KEYS */;
INSERT INTO `attendance` VALUES (2,10003,'2025-03-01','08:00:00','17:00:00',1,1,' '),(3,10003,'2025-03-03','08:00:00','17:00:00',1,1,' '),(4,10003,'2025-03-04','08:00:00','17:00:00',1,1,' '),(5,10003,'2025-03-05','08:00:00','17:00:00',1,1,' '),(6,10003,'2025-03-06','08:00:00','17:00:00',1,1,' '),(7,10003,'2025-03-07','08:00:00','17:00:00',1,1,' '),(8,10003,'2025-03-08','08:00:00','17:00:00',1,1,' '),(9,10003,'2025-03-10','08:00:00','17:00:00',1,1,' '),(10,10003,'2025-03-11','08:00:00','17:00:00',1,1,' '),(11,10003,'2025-03-12','08:00:00','17:00:00',1,1,' '),(12,10003,'2025-03-13','08:00:00','17:00:00',1,1,' '),(13,10003,'2025-03-14','08:00:00','17:00:00',1,1,' '),(17,10003,'2025-06-30','00:18:09','00:18:18',0,0,'Regular login'),(18,10001,'2025-07-01','16:12:27','16:12:30',1,1,'Regular login'),(19,10001,'2025-07-02','02:06:06','02:06:09',1,1,'Regular login'),(20,10002,'2025-07-02','16:38:50','16:44:31',1,0,'Regular login'),(21,10002,'2025-07-03','01:05:57',NULL,1,0,'Regular login'),(22,10003,'2025-07-03','19:27:19','19:27:24',1,1,'Regular login'),(23,10004,'2025-07-04','12:33:10',NULL,0,0,'Regular login'),(24,10001,'2025-07-04','12:38:50','12:41:49',1,1,'Regular login'),(25,10002,'2025-07-04','14:58:14','15:08:41',1,0,'Regular login'),(26,10003,'2025-07-04','17:22:15','17:22:24',1,1,'Regular login'),(27,10004,'2025-07-05','00:15:41','00:20:49',0,0,'Regular login'),(28,10003,'2025-07-05','04:02:09','20:13:29',1,1,'Regular login'),(50,10001,'2025-03-01','07:45:00','18:30:00',1,1,'Early arrival, late departure'),(51,10001,'2025-03-03','08:15:00','17:45:00',1,1,'Standard work day'),(52,10001,'2025-03-04','07:30:00','19:00:00',1,1,'Board meeting day'),(53,10001,'2025-03-05','08:00:00','17:00:00',1,1,'Regular hours'),(54,10001,'2025-03-06','08:30:00','17:30:00',1,1,'Standard work day'),(55,10001,'2025-03-07','08:00:00','18:00:00',1,1,'Extended hours'),(56,10002,'2025-03-01','08:00:00','17:30:00',1,1,'Operations review'),(57,10002,'2025-03-03','07:45:00','18:15:00',1,1,'Department meetings'),(58,10002,'2025-03-04','08:15:00','17:00:00',1,1,'Regular schedule'),(59,10002,'2025-03-05','08:00:00','19:30:00',1,1,'Late project work'),(60,10002,'2025-03-06','08:30:00','17:45:00',1,1,'Standard day'),(61,10002,'2025-03-07','08:00:00','17:00:00',1,1,'Regular hours'),(62,10004,'2025-03-01','08:30:00','17:15:00',1,1,'Marketing campaign review'),(63,10004,'2025-03-03','08:00:00','18:45:00',1,1,'Client presentations'),(64,10004,'2025-03-04','09:00:00','17:30:00',1,1,'Late start - medical appointment'),(65,10004,'2025-03-05','08:15:00','17:00:00',1,1,'Standard schedule'),(66,10004,'2025-03-06','08:00:00','20:00:00',1,1,'Campaign launch preparation'),(67,10004,'2025-03-07','08:30:00','17:30:00',1,1,'Regular day'),(68,10005,'2025-03-01','07:30:00','16:30:00',1,1,'System maintenance'),(69,10005,'2025-03-03','08:00:00','17:00:00',1,1,'Regular schedule'),(70,10005,'2025-03-04','07:00:00','19:00:00',1,1,'Server migration'),(71,10005,'2025-03-05','08:15:00','17:15:00',1,1,'Standard day'),(72,10005,'2025-03-06','08:00:00','18:30:00',1,1,'Network troubleshooting'),(73,10005,'2025-03-07','08:30:00','17:00:00',1,1,'Regular hours'),(74,10006,'2025-03-01','08:00:00','17:30:00',1,1,'Employee interviews'),(75,10006,'2025-03-03','08:15:00','18:00:00',1,1,'HR policy review'),(76,10006,'2025-03-04','08:30:00','17:00:00',1,1,'Standard schedule'),(77,10006,'2025-03-05','08:00:00','17:45:00',1,1,'Performance evaluations'),(78,10006,'2025-03-06','08:45:00','17:15:00',1,1,'Training session'),(79,10006,'2025-03-07','08:00:00','17:00:00',1,1,'Regular day'),(80,10008,'2025-03-01','08:00:00','17:00:00',1,1,'Project development'),(81,10008,'2025-03-03','08:30:00','17:30:00',1,1,'Code review session'),(82,10008,'2025-03-04','08:15:00','18:15:00',1,1,'Extended coding'),(83,10008,'2025-03-05','08:00:00','17:00:00',1,1,'Regular schedule'),(84,10008,'2025-03-06','07:45:00','17:45:00',1,1,'Early start'),(85,10008,'2025-03-07','08:30:00','17:00:00',1,1,'Standard day'),(86,10010,'2025-03-01','08:15:00','17:15:00',1,1,'Recruitment activities'),(87,10010,'2025-03-03','08:00:00','18:30:00',1,1,'Late interview session'),(88,10010,'2025-03-04','08:30:00','17:00:00',1,1,'Regular hours'),(89,10010,'2025-03-05','08:00:00','17:30:00',1,1,'HR documentation'),(90,10010,'2025-03-06','08:15:00','17:45:00',1,1,'Employee orientation'),(91,10010,'2025-03-07','08:00:00','17:00:00',1,1,'Standard schedule'),(92,10001,'2025-04-01','08:00:00','17:30:00',1,1,'Month start planning'),(93,10001,'2025-04-02','07:45:00','18:45:00',1,1,'Strategy meetings'),(94,10001,'2025-04-03','08:15:00','17:00:00',1,1,'Regular day'),(95,10001,'2025-04-04','08:00:00','19:15:00',1,1,'Board presentation prep'),(96,10002,'2025-04-01','08:30:00','17:15:00',1,1,'Operations review'),(97,10002,'2025-04-02','08:00:00','18:00:00',1,1,'Process optimization'),(98,10002,'2025-04-03','08:15:00','17:30:00',1,1,'Team coordination'),(99,10002,'2025-04-04','08:00:00','17:45:00',1,1,'Standard schedule'),(100,10003,'2025-04-01','08:00:00','17:00:00',1,1,'Financial planning'),(101,10003,'2025-04-02','08:30:00','18:30:00',1,1,'Budget review'),(102,10003,'2025-04-03','08:15:00','17:15:00',1,1,'Regular schedule'),(103,10003,'2025-04-04','08:00:00','19:00:00',1,1,'Quarter-end reports'),(104,10015,'2025-05-01','08:00:00','17:00:00',1,1,'Regular schedule'),(105,10015,'2025-05-02','08:15:00','17:30:00',1,1,'Project work'),(106,10015,'2025-05-03','08:30:00','17:15:00',1,1,'Team meeting day'),(107,10015,'2025-05-06','08:00:00','18:00:00',1,1,'Extended hours'),(108,10015,'2025-05-07','08:45:00','17:00:00',1,1,'Late start - traffic'),(109,10020,'2025-05-01','08:00:00','17:30:00',1,1,'Payroll processing'),(110,10020,'2025-05-02','07:45:00','18:15:00',1,1,'Month-end calculations'),(111,10020,'2025-05-03','08:30:00','17:00:00',1,1,'Regular schedule'),(112,10020,'2025-05-06','08:00:00','19:30:00',1,1,'Payroll deadline'),(113,10020,'2025-05-07','08:15:00','17:45:00',1,1,'Standard day'),(114,10001,'2025-07-06','03:55:46','03:57:00',1,0,'Regular login'),(115,10002,'2025-07-06','15:45:07','15:45:25',1,0,'Regular login'),(116,10002,'2025-07-07','21:49:58','21:50:35',1,0,'Regular login'),(117,10003,'2025-07-07','21:52:21','21:52:23',1,0,'Regular login'),(118,10003,'2025-07-08','18:52:21','18:52:23',0,0,'Regular login');
/*!40000 ALTER TABLE `attendance` ENABLE KEYS */;
UNLOCK TABLES;

--
-- Table structure for table `payroll`
--

DROP TABLE IF EXISTS `payroll`;
/*!40101 SET @saved_cs_client     = @@character_set_client */;
/*!50503 SET character_set_client = utf8mb4 */;
CREATE TABLE `payroll` (
  `payroll_id` int NOT NULL AUTO_INCREMENT,
  `employee_id` int DEFAULT NULL,
  `payroll_period` varchar(50) DEFAULT NULL,
  `gross_income` decimal(12,2) DEFAULT NULL,
  `benefits` decimal(12,2) DEFAULT NULL,
  `overtime` decimal(10,2) DEFAULT NULL,
  `undertime` decimal(10,2) DEFAULT NULL,
  `sss` decimal(10,2) DEFAULT NULL,
  `philhealth` decimal(10,2) DEFAULT NULL,
  `pagibig` decimal(10,2) DEFAULT NULL,
  `tax` decimal(10,2) DEFAULT NULL,
  `net_pay` decimal(12,2) DEFAULT NULL,
  `status` varchar(50) DEFAULT NULL,
  PRIMARY KEY (`payroll_id`),
  KEY `employee_id` (`employee_id`),
  CONSTRAINT `payroll_ibfk_1` FOREIGN KEY (`employee_id`) REFERENCES `employees` (`employee_id`)
) ENGINE=InnoDB AUTO_INCREMENT=1058 DEFAULT CHARSET=utf8mb4 COLLATE=utf8mb4_0900_ai_ci;
/*!40101 SET character_set_client = @saved_cs_client */;

--
-- Dumping data for table `payroll`
--

LOCK TABLES `payroll` WRITE;
/*!40000 ALTER TABLE `payroll` DISABLE KEYS */;
INSERT INTO `payroll` VALUES (1,10003,'03/01/2025 to 03/15/2025',34285.44,4500.00,0.00,0.00,1552.50,1800.00,1200.00,6922.90,27310.04,'Approved'),(2,10001,'06/16/2025 to 06/30/2025',105214.20,4500.00,10714.20,0.00,4734.64,3156.43,100.00,16355.78,80867.35,'Pending'),(3,10002,'06/16/2025 to 06/30/2025',71642.80,4500.00,7142.80,0.00,3223.93,2149.28,100.00,8592.40,57577.19,'Pending'),(4,10003,'06/16/2025 to 06/30/2025',71642.80,4500.00,7142.80,0.00,3223.93,2149.28,100.00,8592.40,57577.19,'Pending'),(5,10004,'06/16/2025 to 06/30/2025',71642.80,4500.00,7142.80,0.00,3223.93,2149.28,100.00,8592.40,57577.19,'Pending'),(6,10005,'06/16/2025 to 06/30/2025',56170.00,3500.00,0.00,0.00,2527.65,1685.10,100.00,5721.45,46135.80,'Pending'),(7,10006,'06/16/2025 to 06/30/2025',56170.00,3500.00,0.00,0.00,2527.65,1685.10,100.00,5721.45,46135.80,'Pending'),(8,10007,'06/16/2025 to 06/30/2025',46075.00,3100.00,0.00,0.00,2073.38,1382.25,100.00,3853.88,38665.50,'Pending'),(9,10008,'06/16/2025 to 06/30/2025',25000.00,2500.00,0.00,0.00,1125.00,750.00,100.00,453.75,22571.25,'Pending'),(10,10009,'06/16/2025 to 06/30/2025',25000.00,2500.00,0.00,0.00,1125.00,750.00,100.00,453.75,22571.25,'Pending'),(11,10010,'06/16/2025 to 06/30/2025',56170.00,3500.00,0.00,0.00,2527.65,1685.10,100.00,5721.45,46135.80,'Pending'),(12,10011,'06/16/2025 to 06/30/2025',54325.00,3500.00,0.00,0.00,2444.63,1629.75,100.00,5380.13,44770.50,'Pending'),(13,10012,'06/16/2025 to 06/30/2025',41575.00,3100.00,0.00,0.00,1870.88,1247.25,100.00,3021.38,35335.50,'Pending'),(14,10013,'06/16/2025 to 06/30/2025',26500.00,2500.00,0.00,0.00,1192.50,795.00,100.00,661.88,23750.63,'Pending'),(15,10014,'06/16/2025 to 06/30/2025',26500.00,2500.00,0.00,0.00,1192.50,795.00,100.00,661.88,23750.63,'Pending'),(16,10015,'06/16/2025 to 06/30/2025',57000.00,3500.00,0.00,0.00,2565.00,1710.00,100.00,5875.00,46750.00,'Pending'),(17,10016,'06/16/2025 to 06/30/2025',46075.00,3100.00,0.00,0.00,2073.38,1382.25,100.00,3853.88,38665.50,'Pending'),(18,10017,'06/16/2025 to 06/30/2025',46075.00,3100.00,0.00,0.00,2073.38,1382.25,100.00,3853.88,38665.50,'Pending'),(19,10018,'06/16/2025 to 06/30/2025',27775.00,2500.00,0.00,0.00,1249.88,833.25,100.00,838.78,24753.09,'Pending'),(20,10019,'06/16/2025 to 06/30/2025',27775.00,2500.00,0.00,0.00,1249.88,833.25,100.00,838.78,24753.09,'Pending'),(21,10020,'06/16/2025 to 06/30/2025',30975.00,2500.00,0.00,0.00,1393.88,929.25,100.00,1282.78,27269.09,'Pending'),(22,10021,'06/16/2025 to 06/30/2025',30975.00,2500.00,0.00,0.00,1393.88,929.25,100.00,1282.78,27269.09,'Pending'),(23,10022,'06/16/2025 to 06/30/2025',26500.00,2500.00,0.00,0.00,1192.50,795.00,100.00,661.88,23750.63,'Pending'),(24,10023,'06/16/2025 to 06/30/2025',36100.00,3100.00,0.00,0.00,1624.50,1083.00,100.00,2008.50,31284.00,'Pending'),(25,10024,'06/16/2025 to 06/30/2025',36100.00,3100.00,0.00,0.00,1624.50,1083.00,100.00,2008.50,31284.00,'Pending'),(26,10025,'06/16/2025 to 06/30/2025',36100.00,3100.00,0.00,0.00,1624.50,1083.00,100.00,2008.50,31284.00,'Pending'),(27,10026,'06/16/2025 to 06/30/2025',26500.00,2500.00,0.00,0.00,1192.50,795.00,100.00,661.88,23750.63,'Pending'),(28,10027,'06/16/2025 to 06/30/2025',26500.00,2500.00,0.00,0.00,1192.50,795.00,100.00,661.88,23750.63,'Pending'),(29,10028,'06/16/2025 to 06/30/2025',26500.00,2500.00,0.00,0.00,1192.50,795.00,100.00,661.88,23750.63,'Pending'),(30,10029,'06/16/2025 to 06/30/2025',25000.00,2500.00,0.00,0.00,1125.00,750.00,100.00,453.75,22571.25,'Pending'),(31,10030,'06/16/2025 to 06/30/2025',25000.00,2500.00,0.00,0.00,1125.00,750.00,100.00,453.75,22571.25,'Pending'),(32,10031,'06/16/2025 to 06/30/2025',25000.00,2500.00,0.00,0.00,1125.00,750.00,100.00,453.75,22571.25,'Pending'),(33,10032,'06/16/2025 to 06/30/2025',25000.00,2500.00,0.00,0.00,1125.00,750.00,100.00,453.75,22571.25,'Pending'),(34,10033,'06/16/2025 to 06/30/2025',25000.00,2500.00,0.00,0.00,1125.00,750.00,100.00,453.75,22571.25,'Pending'),(35,10034,'06/16/2025 to 06/30/2025',25000.00,2500.00,0.00,0.00,1125.00,750.00,100.00,453.75,22571.25,'Pending'),(36,10035,'06/16/2025 to 06/30/2025',91500.00,1500.00,0.00,0.00,4117.50,2745.00,100.00,13184.38,71353.13,'Pending'),(37,10001,'07/01/2025 to 07/15/2025',60214.20,4500.00,10714.20,0.00,2709.64,1806.43,100.00,6469.63,49128.51,'Pending'),(38,10002,'07/01/2025 to 07/15/2025',41642.80,4500.00,7142.80,0.00,1873.93,1249.28,100.00,3033.92,35385.67,'Pending'),(39,10003,'07/01/2025 to 07/15/2025',41642.80,4500.00,7142.80,0.00,1873.93,1249.28,100.00,3033.92,35385.67,'Pending'),(40,10004,'07/01/2025 to 07/15/2025',41642.80,4500.00,7142.80,0.00,1873.93,1249.28,100.00,3033.92,35385.67,'Pending'),(41,10005,'07/01/2025 to 07/15/2025',29835.00,3500.00,0.00,0.00,1342.58,895.05,100.00,1124.61,26372.77,'Pending'),(42,10006,'07/01/2025 to 07/15/2025',29835.00,3500.00,0.00,0.00,1342.58,895.05,100.00,1124.61,26372.77,'Pending'),(43,10007,'07/01/2025 to 07/15/2025',24587.50,3100.00,0.00,0.00,1106.44,737.63,100.00,396.52,22246.92,'Pending'),(44,10008,'07/01/2025 to 07/15/2025',13750.00,2500.00,0.00,0.00,618.75,412.50,100.00,0.00,12618.75,'Pending'),(45,10009,'07/01/2025 to 07/15/2025',13750.00,2500.00,0.00,0.00,618.75,412.50,100.00,0.00,12618.75,'Pending'),(46,10010,'07/01/2025 to 07/15/2025',29835.00,3500.00,0.00,0.00,1342.58,895.05,100.00,1124.61,26372.77,'Pending'),(47,10011,'07/01/2025 to 07/15/2025',28912.50,3500.00,0.00,0.00,1301.06,867.38,100.00,996.61,25647.45,'Pending'),(48,10012,'07/01/2025 to 07/15/2025',22337.50,3100.00,0.00,0.00,1005.19,670.13,100.00,84.33,20477.86,'Pending'),(49,10013,'07/01/2025 to 07/15/2025',14500.00,2500.00,0.00,0.00,652.50,435.00,100.00,0.00,13312.50,'Pending'),(50,10014,'07/01/2025 to 07/15/2025',14500.00,2500.00,0.00,0.00,652.50,435.00,100.00,0.00,13312.50,'Pending'),(51,10015,'07/01/2025 to 07/15/2025',30250.00,3500.00,0.00,0.00,1361.25,907.50,100.00,1182.19,26699.06,'Pending'),(52,10016,'07/01/2025 to 07/15/2025',24587.50,3100.00,0.00,0.00,1106.44,737.63,100.00,396.52,22246.92,'Pending'),(53,10017,'07/01/2025 to 07/15/2025',24587.50,3100.00,0.00,0.00,1106.44,737.63,100.00,396.52,22246.92,'Pending'),(54,10018,'07/01/2025 to 07/15/2025',15137.50,2500.00,0.00,0.00,681.19,454.13,100.00,0.00,13902.19,'Pending'),(55,10019,'07/01/2025 to 07/15/2025',15137.50,2500.00,0.00,0.00,681.19,454.13,100.00,0.00,13902.19,'Pending'),(56,10020,'07/01/2025 to 07/15/2025',16737.50,2500.00,0.00,0.00,753.19,502.13,100.00,0.00,15382.19,'Pending'),(57,10021,'07/01/2025 to 07/15/2025',16737.50,2500.00,0.00,0.00,753.19,502.13,100.00,0.00,15382.19,'Pending'),(58,10022,'07/01/2025 to 07/15/2025',14500.00,2500.00,0.00,0.00,652.50,435.00,100.00,0.00,13312.50,'Pending'),(59,10023,'07/01/2025 to 07/15/2025',19600.00,3100.00,0.00,0.00,882.00,588.00,100.00,0.00,18030.00,'Pending'),(60,10024,'07/01/2025 to 07/15/2025',19600.00,3100.00,0.00,0.00,882.00,588.00,100.00,0.00,18030.00,'Pending'),(61,10025,'07/01/2025 to 07/15/2025',19600.00,3100.00,0.00,0.00,882.00,588.00,100.00,0.00,18030.00,'Pending'),(62,10026,'07/01/2025 to 07/15/2025',14500.00,2500.00,0.00,0.00,652.50,435.00,100.00,0.00,13312.50,'Pending'),(63,10027,'07/01/2025 to 07/15/2025',14500.00,2500.00,0.00,0.00,652.50,435.00,100.00,0.00,13312.50,'Pending'),(64,10028,'07/01/2025 to 07/15/2025',14500.00,2500.00,0.00,0.00,652.50,435.00,100.00,0.00,13312.50,'Pending'),(65,10029,'07/01/2025 to 07/15/2025',13750.00,2500.00,0.00,0.00,618.75,412.50,100.00,0.00,12618.75,'Pending'),(66,10030,'07/01/2025 to 07/15/2025',13750.00,2500.00,0.00,0.00,618.75,412.50,100.00,0.00,12618.75,'Pending'),(67,10031,'07/01/2025 to 07/15/2025',13750.00,2500.00,0.00,0.00,618.75,412.50,100.00,0.00,12618.75,'Pending'),(68,10032,'07/01/2025 to 07/15/2025',13750.00,2500.00,0.00,0.00,618.75,412.50,100.00,0.00,12618.75,'Pending'),(69,10033,'07/01/2025 to 07/15/2025',13750.00,2500.00,0.00,0.00,618.75,412.50,100.00,0.00,12618.75,'Pending'),(70,10034,'07/01/2025 to 07/15/2025',13750.00,2500.00,0.00,0.00,618.75,412.50,100.00,0.00,12618.75,'Pending'),(71,10035,'07/01/2025 to 07/15/2025',46500.00,1500.00,0.00,0.00,2092.50,1395.00,100.00,3932.50,38980.00,'Pending'),(72,10036,'07/01/2025 to 07/15/2025',29500.00,4500.00,0.00,0.00,1327.50,885.00,100.00,1078.13,26109.38,'Pending'),(73,10001,'07/01/2025 to 07/15/2025',60214.20,4500.00,10714.20,0.00,2709.64,1806.43,100.00,6469.63,49128.51,'Pending'),(74,10002,'07/01/2025 to 07/15/2025',41642.80,4500.00,7142.80,0.00,1873.93,1249.28,100.00,3033.92,35385.67,'Pending'),(75,10003,'07/01/2025 to 07/15/2025',41642.80,4500.00,7142.80,0.00,1873.93,1249.28,100.00,3033.92,35385.67,'Pending'),(76,10004,'07/01/2025 to 07/15/2025',41642.80,4500.00,7142.80,0.00,1873.93,1249.28,100.00,3033.92,35385.67,'Pending'),(77,10005,'07/01/2025 to 07/15/2025',29835.00,3500.00,0.00,0.00,1342.58,895.05,100.00,1124.61,26372.77,'Pending'),(78,10006,'07/01/2025 to 07/15/2025',29835.00,3500.00,0.00,0.00,1342.58,895.05,100.00,1124.61,26372.77,'Pending'),(79,10007,'07/01/2025 to 07/15/2025',24587.50,3100.00,0.00,0.00,1106.44,737.63,100.00,396.52,22246.92,'Pending'),(80,10008,'07/01/2025 to 07/15/2025',13750.00,2500.00,0.00,0.00,618.75,412.50,100.00,0.00,12618.75,'Pending'),(81,10009,'07/01/2025 to 07/15/2025',13750.00,2500.00,0.00,0.00,618.75,412.50,100.00,0.00,12618.75,'Pending'),(82,10010,'07/01/2025 to 07/15/2025',29835.00,3500.00,0.00,0.00,1342.58,895.05,100.00,1124.61,26372.77,'Pending'),(83,10011,'07/01/2025 to 07/15/2025',28912.50,3500.00,0.00,0.00,1301.06,867.38,100.00,996.61,25647.45,'Pending'),(84,10012,'07/01/2025 to 07/15/2025',22337.50,3100.00,0.00,0.00,1005.19,670.13,100.00,84.33,20477.86,'Pending'),(85,10013,'07/01/2025 to 07/15/2025',14500.00,2500.00,0.00,0.00,652.50,435.00,100.00,0.00,13312.50,'Pending'),(86,10014,'07/01/2025 to 07/15/2025',14500.00,2500.00,0.00,0.00,652.50,435.00,100.00,0.00,13312.50,'Pending'),(87,10015,'07/01/2025 to 07/15/2025',30250.00,3500.00,0.00,0.00,1361.25,907.50,100.00,1182.19,26699.06,'Pending'),(88,10016,'07/01/2025 to 07/15/2025',24587.50,3100.00,0.00,0.00,1106.44,737.63,100.00,396.52,22246.92,'Pending'),(89,10017,'07/01/2025 to 07/15/2025',24587.50,3100.00,0.00,0.00,1106.44,737.63,100.00,396.52,22246.92,'Pending'),(90,10018,'07/01/2025 to 07/15/2025',15137.50,2500.00,0.00,0.00,681.19,454.13,100.00,0.00,13902.19,'Pending'),(91,10019,'07/01/2025 to 07/15/2025',15137.50,2500.00,0.00,0.00,681.19,454.13,100.00,0.00,13902.19,'Pending'),(92,10020,'07/01/2025 to 07/15/2025',16737.50,2500.00,0.00,0.00,753.19,502.13,100.00,0.00,15382.19,'Pending'),(93,10021,'07/01/2025 to 07/15/2025',16737.50,2500.00,0.00,0.00,753.19,502.13,100.00,0.00,15382.19,'Pending'),(94,10022,'07/01/2025 to 07/15/2025',14500.00,2500.00,0.00,0.00,652.50,435.00,100.00,0.00,13312.50,'Pending'),(95,10023,'07/01/2025 to 07/15/2025',19600.00,3100.00,0.00,0.00,882.00,588.00,100.00,0.00,18030.00,'Pending'),(96,10024,'07/01/2025 to 07/15/2025',19600.00,3100.00,0.00,0.00,882.00,588.00,100.00,0.00,18030.00,'Pending'),(97,10025,'07/01/2025 to 07/15/2025',19600.00,3100.00,0.00,0.00,882.00,588.00,100.00,0.00,18030.00,'Pending'),(98,10026,'07/01/2025 to 07/15/2025',14500.00,2500.00,0.00,0.00,652.50,435.00,100.00,0.00,13312.50,'Pending'),(99,10027,'07/01/2025 to 07/15/2025',14500.00,2500.00,0.00,0.00,652.50,435.00,100.00,0.00,13312.50,'Pending'),(100,10028,'07/01/2025 to 07/15/2025',14500.00,2500.00,0.00,0.00,652.50,435.00,100.00,0.00,13312.50,'Pending'),(101,10029,'07/01/2025 to 07/15/2025',13750.00,2500.00,0.00,0.00,618.75,412.50,100.00,0.00,12618.75,'Pending'),(102,10030,'07/01/2025 to 07/15/2025',13750.00,2500.00,0.00,0.00,618.75,412.50,100.00,0.00,12618.75,'Pending'),(103,10031,'07/01/2025 to 07/15/2025',13750.00,2500.00,0.00,0.00,618.75,412.50,100.00,0.00,12618.75,'Pending'),(104,10032,'07/01/2025 to 07/15/2025',13750.00,2500.00,0.00,0.00,618.75,412.50,100.00,0.00,12618.75,'Pending'),(105,10033,'07/01/2025 to 07/15/2025',13750.00,2500.00,0.00,0.00,618.75,412.50,100.00,0.00,12618.75,'Pending'),(106,10034,'07/01/2025 to 07/15/2025',13750.00,2500.00,0.00,0.00,618.75,412.50,100.00,0.00,12618.75,'Pending'),(107,10035,'07/01/2025 to 07/15/2025',46500.00,1500.00,0.00,0.00,2092.50,1395.00,100.00,3932.50,38980.00,'Pending'),(108,10036,'07/01/2025 to 07/15/2025',29500.00,4500.00,0.00,0.00,1327.50,885.00,100.00,1078.13,26109.38,'Pending'),(109,10001,'07/01/2025 to 07/15/2025',60214.20,4500.00,10714.20,0.00,2709.64,1806.43,100.00,6469.63,49128.51,'Pending'),(110,10002,'07/01/2025 to 07/15/2025',41642.80,4500.00,7142.80,0.00,1873.93,1249.28,100.00,3033.92,35385.67,'Pending'),(111,10003,'07/01/2025 to 07/15/2025',41642.80,4500.00,7142.80,0.00,1873.93,1249.28,100.00,3033.92,35385.67,'Pending'),(112,10004,'07/01/2025 to 07/15/2025',41642.80,4500.00,7142.80,0.00,1873.93,1249.28,100.00,3033.92,35385.67,'Pending'),(113,10005,'07/01/2025 to 07/15/2025',29835.00,3500.00,0.00,0.00,1342.58,895.05,100.00,1124.61,26372.77,'Pending'),(114,10006,'07/01/2025 to 07/15/2025',29835.00,3500.00,0.00,0.00,1342.58,895.05,100.00,1124.61,26372.77,'Pending'),(115,10007,'07/01/2025 to 07/15/2025',24587.50,3100.00,0.00,0.00,1106.44,737.63,100.00,396.52,22246.92,'Pending'),(116,10008,'07/01/2025 to 07/15/2025',13750.00,2500.00,0.00,0.00,618.75,412.50,100.00,0.00,12618.75,'Pending'),(117,10009,'07/01/2025 to 07/15/2025',13750.00,2500.00,0.00,0.00,618.75,412.50,100.00,0.00,12618.75,'Pending'),(118,10010,'07/01/2025 to 07/15/2025',29835.00,3500.00,0.00,0.00,1342.58,895.05,100.00,1124.61,26372.77,'Pending'),(119,10011,'07/01/2025 to 07/15/2025',28912.50,3500.00,0.00,0.00,1301.06,867.38,100.00,996.61,25647.45,'Pending'),(120,10012,'07/01/2025 to 07/15/2025',22337.50,3100.00,0.00,0.00,1005.19,670.13,100.00,84.33,20477.86,'Pending'),(121,10013,'07/01/2025 to 07/15/2025',14500.00,2500.00,0.00,0.00,652.50,435.00,100.00,0.00,13312.50,'Pending'),(122,10014,'07/01/2025 to 07/15/2025',14500.00,2500.00,0.00,0.00,652.50,435.00,100.00,0.00,13312.50,'Pending'),(123,10015,'07/01/2025 to 07/15/2025',30250.00,3500.00,0.00,0.00,1361.25,907.50,100.00,1182.19,26699.06,'Pending'),(124,10016,'07/01/2025 to 07/15/2025',24587.50,3100.00,0.00,0.00,1106.44,737.63,100.00,396.52,22246.92,'Pending'),(125,10017,'07/01/2025 to 07/15/2025',24587.50,3100.00,0.00,0.00,1106.44,737.63,100.00,396.52,22246.92,'Pending'),(126,10018,'07/01/2025 to 07/15/2025',15137.50,2500.00,0.00,0.00,681.19,454.13,100.00,0.00,13902.19,'Pending'),(127,10019,'07/01/2025 to 07/15/2025',15137.50,2500.00,0.00,0.00,681.19,454.13,100.00,0.00,13902.19,'Pending'),(128,10020,'07/01/2025 to 07/15/2025',16737.50,2500.00,0.00,0.00,753.19,502.13,100.00,0.00,15382.19,'Pending'),(129,10021,'07/01/2025 to 07/15/2025',16737.50,2500.00,0.00,0.00,753.19,502.13,100.00,0.00,15382.19,'Pending'),(130,10022,'07/01/2025 to 07/15/2025',14500.00,2500.00,0.00,0.00,652.50,435.00,100.00,0.00,13312.50,'Pending'),(131,10023,'07/01/2025 to 07/15/2025',19600.00,3100.00,0.00,0.00,882.00,588.00,100.00,0.00,18030.00,'Pending'),(132,10024,'07/01/2025 to 07/15/2025',19600.00,3100.00,0.00,0.00,882.00,588.00,100.00,0.00,18030.00,'Pending'),(133,10025,'07/01/2025 to 07/15/2025',19600.00,3100.00,0.00,0.00,882.00,588.00,100.00,0.00,18030.00,'Pending'),(134,10026,'07/01/2025 to 07/15/2025',14500.00,2500.00,0.00,0.00,652.50,435.00,100.00,0.00,13312.50,'Pending'),(135,10027,'07/01/2025 to 07/15/2025',14500.00,2500.00,0.00,0.00,652.50,435.00,100.00,0.00,13312.50,'Pending'),(136,10028,'07/01/2025 to 07/15/2025',14500.00,2500.00,0.00,0.00,652.50,435.00,100.00,0.00,13312.50,'Pending'),(137,10029,'07/01/2025 to 07/15/2025',13750.00,2500.00,0.00,0.00,618.75,412.50,100.00,0.00,12618.75,'Pending'),(138,10030,'07/01/2025 to 07/15/2025',13750.00,2500.00,0.00,0.00,618.75,412.50,100.00,0.00,12618.75,'Pending'),(139,10031,'07/01/2025 to 07/15/2025',13750.00,2500.00,0.00,0.00,618.75,412.50,100.00,0.00,12618.75,'Pending'),(140,10032,'07/01/2025 to 07/15/2025',13750.00,2500.00,0.00,0.00,618.75,412.50,100.00,0.00,12618.75,'Pending'),(141,10033,'07/01/2025 to 07/15/2025',13750.00,2500.00,0.00,0.00,618.75,412.50,100.00,0.00,12618.75,'Pending'),(142,10034,'07/01/2025 to 07/15/2025',13750.00,2500.00,0.00,0.00,618.75,412.50,100.00,0.00,12618.75,'Pending'),(143,10035,'07/01/2025 to 07/15/2025',46500.00,1500.00,0.00,0.00,2092.50,1395.00,100.00,3932.50,38980.00,'Pending'),(144,10036,'07/01/2025 to 07/15/2025',29500.00,4500.00,0.00,0.00,1327.50,885.00,100.00,1078.13,26109.38,'Pending'),(145,10001,'07/01/2025 to 07/15/2025',60214.20,4500.00,10714.20,0.00,2709.64,1806.43,100.00,6469.63,49128.51,'Pending'),(146,10002,'07/01/2025 to 07/15/2025',41642.80,4500.00,7142.80,0.00,1873.93,1249.28,100.00,3033.92,35385.67,'Pending'),(147,10003,'07/01/2025 to 07/15/2025',41642.80,4500.00,7142.80,0.00,1873.93,1249.28,100.00,3033.92,35385.67,'Pending'),(148,10004,'07/01/2025 to 07/15/2025',41642.80,4500.00,7142.80,0.00,1873.93,1249.28,100.00,3033.92,35385.67,'Pending'),(149,10005,'07/01/2025 to 07/15/2025',29835.00,3500.00,0.00,0.00,1342.58,895.05,100.00,1124.61,26372.77,'Pending'),(150,10006,'07/01/2025 to 07/15/2025',29835.00,3500.00,0.00,0.00,1342.58,895.05,100.00,1124.61,26372.77,'Pending'),(151,10007,'07/01/2025 to 07/15/2025',24587.50,3100.00,0.00,0.00,1106.44,737.63,100.00,396.52,22246.92,'Pending'),(152,10008,'07/01/2025 to 07/15/2025',13750.00,2500.00,0.00,0.00,618.75,412.50,100.00,0.00,12618.75,'Pending'),(153,10009,'07/01/2025 to 07/15/2025',13750.00,2500.00,0.00,0.00,618.75,412.50,100.00,0.00,12618.75,'Pending'),(154,10010,'07/01/2025 to 07/15/2025',29835.00,3500.00,0.00,0.00,1342.58,895.05,100.00,1124.61,26372.77,'Pending'),(155,10011,'07/01/2025 to 07/15/2025',28912.50,3500.00,0.00,0.00,1301.06,867.38,100.00,996.61,25647.45,'Pending'),(156,10012,'07/01/2025 to 07/15/2025',22337.50,3100.00,0.00,0.00,1005.19,670.13,100.00,84.33,20477.86,'Pending'),(157,10013,'07/01/2025 to 07/15/2025',14500.00,2500.00,0.00,0.00,652.50,435.00,100.00,0.00,13312.50,'Pending'),(158,10014,'07/01/2025 to 07/15/2025',14500.00,2500.00,0.00,0.00,652.50,435.00,100.00,0.00,13312.50,'Pending'),(159,10015,'07/01/2025 to 07/15/2025',30250.00,3500.00,0.00,0.00,1361.25,907.50,100.00,1182.19,26699.06,'Pending'),(160,10016,'07/01/2025 to 07/15/2025',24587.50,3100.00,0.00,0.00,1106.44,737.63,100.00,396.52,22246.92,'Pending'),(161,10017,'07/01/2025 to 07/15/2025',24587.50,3100.00,0.00,0.00,1106.44,737.63,100.00,396.52,22246.92,'Pending'),(162,10018,'07/01/2025 to 07/15/2025',15137.50,2500.00,0.00,0.00,681.19,454.13,100.00,0.00,13902.19,'Pending'),(163,10019,'07/01/2025 to 07/15/2025',15137.50,2500.00,0.00,0.00,681.19,454.13,100.00,0.00,13902.19,'Pending'),(164,10020,'07/01/2025 to 07/15/2025',16737.50,2500.00,0.00,0.00,753.19,502.13,100.00,0.00,15382.19,'Pending'),(165,10021,'07/01/2025 to 07/15/2025',16737.50,2500.00,0.00,0.00,753.19,502.13,100.00,0.00,15382.19,'Pending'),(166,10022,'07/01/2025 to 07/15/2025',14500.00,2500.00,0.00,0.00,652.50,435.00,100.00,0.00,13312.50,'Pending'),(167,10023,'07/01/2025 to 07/15/2025',19600.00,3100.00,0.00,0.00,882.00,588.00,100.00,0.00,18030.00,'Pending'),(168,10024,'07/01/2025 to 07/15/2025',19600.00,3100.00,0.00,0.00,882.00,588.00,100.00,0.00,18030.00,'Pending'),(169,10025,'07/01/2025 to 07/15/2025',19600.00,3100.00,0.00,0.00,882.00,588.00,100.00,0.00,18030.00,'Pending'),(170,10026,'07/01/2025 to 07/15/2025',14500.00,2500.00,0.00,0.00,652.50,435.00,100.00,0.00,13312.50,'Pending'),(171,10027,'07/01/2025 to 07/15/2025',14500.00,2500.00,0.00,0.00,652.50,435.00,100.00,0.00,13312.50,'Pending'),(172,10028,'07/01/2025 to 07/15/2025',14500.00,2500.00,0.00,0.00,652.50,435.00,100.00,0.00,13312.50,'Pending'),(173,10029,'07/01/2025 to 07/15/2025',13750.00,2500.00,0.00,0.00,618.75,412.50,100.00,0.00,12618.75,'Pending'),(174,10030,'07/01/2025 to 07/15/2025',13750.00,2500.00,0.00,0.00,618.75,412.50,100.00,0.00,12618.75,'Pending'),(175,10031,'07/01/2025 to 07/15/2025',13750.00,2500.00,0.00,0.00,618.75,412.50,100.00,0.00,12618.75,'Pending'),(176,10032,'07/01/2025 to 07/15/2025',13750.00,2500.00,0.00,0.00,618.75,412.50,100.00,0.00,12618.75,'Pending'),(177,10033,'07/01/2025 to 07/15/2025',13750.00,2500.00,0.00,0.00,618.75,412.50,100.00,0.00,12618.75,'Pending'),(178,10034,'07/01/2025 to 07/15/2025',13750.00,2500.00,0.00,0.00,618.75,412.50,100.00,0.00,12618.75,'Pending'),(179,10035,'07/01/2025 to 07/15/2025',46500.00,1500.00,0.00,0.00,2092.50,1395.00,100.00,3932.50,38980.00,'Pending'),(180,10036,'07/01/2025 to 07/15/2025',29500.00,4500.00,0.00,0.00,1327.50,885.00,100.00,1078.13,26109.38,'Pending'),(181,10001,'07/01/2025 to 07/15/2025',60214.20,4500.00,10714.20,0.00,2709.64,1806.43,100.00,6469.63,49128.51,'Pending'),(182,10002,'07/01/2025 to 07/15/2025',41642.80,4500.00,7142.80,0.00,1873.93,1249.28,100.00,3033.92,35385.67,'Pending'),(183,10003,'07/01/2025 to 07/15/2025',41642.80,4500.00,7142.80,0.00,1873.93,1249.28,100.00,3033.92,35385.67,'Pending'),(184,10004,'07/01/2025 to 07/15/2025',41642.80,4500.00,7142.80,0.00,1873.93,1249.28,100.00,3033.92,35385.67,'Pending'),(185,10005,'07/01/2025 to 07/15/2025',29835.00,3500.00,0.00,0.00,1342.58,895.05,100.00,1124.61,26372.77,'Pending'),(186,10006,'07/01/2025 to 07/15/2025',29835.00,3500.00,0.00,0.00,1342.58,895.05,100.00,1124.61,26372.77,'Pending'),(187,10007,'07/01/2025 to 07/15/2025',24587.50,3100.00,0.00,0.00,1106.44,737.63,100.00,396.52,22246.92,'Pending'),(188,10008,'07/01/2025 to 07/15/2025',13750.00,2500.00,0.00,0.00,618.75,412.50,100.00,0.00,12618.75,'Pending'),(189,10009,'07/01/2025 to 07/15/2025',13750.00,2500.00,0.00,0.00,618.75,412.50,100.00,0.00,12618.75,'Pending'),(190,10010,'07/01/2025 to 07/15/2025',29835.00,3500.00,0.00,0.00,1342.58,895.05,100.00,1124.61,26372.77,'Pending'),(191,10011,'07/01/2025 to 07/15/2025',28912.50,3500.00,0.00,0.00,1301.06,867.38,100.00,996.61,25647.45,'Pending'),(192,10012,'07/01/2025 to 07/15/2025',22337.50,3100.00,0.00,0.00,1005.19,670.13,100.00,84.33,20477.86,'Pending'),(193,10013,'07/01/2025 to 07/15/2025',14500.00,2500.00,0.00,0.00,652.50,435.00,100.00,0.00,13312.50,'Pending'),(194,10014,'07/01/2025 to 07/15/2025',14500.00,2500.00,0.00,0.00,652.50,435.00,100.00,0.00,13312.50,'Pending'),(195,10015,'07/01/2025 to 07/15/2025',30250.00,3500.00,0.00,0.00,1361.25,907.50,100.00,1182.19,26699.06,'Pending'),(196,10016,'07/01/2025 to 07/15/2025',24587.50,3100.00,0.00,0.00,1106.44,737.63,100.00,396.52,22246.92,'Pending'),(197,10017,'07/01/2025 to 07/15/2025',24587.50,3100.00,0.00,0.00,1106.44,737.63,100.00,396.52,22246.92,'Pending'),(198,10018,'07/01/2025 to 07/15/2025',15137.50,2500.00,0.00,0.00,681.19,454.13,100.00,0.00,13902.19,'Pending'),(199,10019,'07/01/2025 to 07/15/2025',15137.50,2500.00,0.00,0.00,681.19,454.13,100.00,0.00,13902.19,'Pending'),(200,10020,'07/01/2025 to 07/15/2025',16737.50,2500.00,0.00,0.00,753.19,502.13,100.00,0.00,15382.19,'Pending'),(201,10021,'07/01/2025 to 07/15/2025',16737.50,2500.00,0.00,0.00,753.19,502.13,100.00,0.00,15382.19,'Pending'),(202,10022,'07/01/2025 to 07/15/2025',14500.00,2500.00,0.00,0.00,652.50,435.00,100.00,0.00,13312.50,'Pending'),(203,10023,'07/01/2025 to 07/15/2025',19600.00,3100.00,0.00,0.00,882.00,588.00,100.00,0.00,18030.00,'Pending'),(204,10024,'07/01/2025 to 07/15/2025',19600.00,3100.00,0.00,0.00,882.00,588.00,100.00,0.00,18030.00,'Pending'),(205,10025,'07/01/2025 to 07/15/2025',19600.00,3100.00,0.00,0.00,882.00,588.00,100.00,0.00,18030.00,'Pending'),(206,10026,'07/01/2025 to 07/15/2025',14500.00,2500.00,0.00,0.00,652.50,435.00,100.00,0.00,13312.50,'Pending'),(207,10027,'07/01/2025 to 07/15/2025',14500.00,2500.00,0.00,0.00,652.50,435.00,100.00,0.00,13312.50,'Pending'),(208,10028,'07/01/2025 to 07/15/2025',14500.00,2500.00,0.00,0.00,652.50,435.00,100.00,0.00,13312.50,'Pending'),(209,10029,'07/01/2025 to 07/15/2025',13750.00,2500.00,0.00,0.00,618.75,412.50,100.00,0.00,12618.75,'Pending'),(210,10030,'07/01/2025 to 07/15/2025',13750.00,2500.00,0.00,0.00,618.75,412.50,100.00,0.00,12618.75,'Pending'),(211,10031,'07/01/2025 to 07/15/2025',13750.00,2500.00,0.00,0.00,618.75,412.50,100.00,0.00,12618.75,'Pending'),(212,10032,'07/01/2025 to 07/15/2025',13750.00,2500.00,0.00,0.00,618.75,412.50,100.00,0.00,12618.75,'Pending'),(213,10033,'07/01/2025 to 07/15/2025',13750.00,2500.00,0.00,0.00,618.75,412.50,100.00,0.00,12618.75,'Pending'),(214,10034,'07/01/2025 to 07/15/2025',13750.00,2500.00,0.00,0.00,618.75,412.50,100.00,0.00,12618.75,'Pending'),(215,10035,'07/01/2025 to 07/15/2025',46500.00,1500.00,0.00,0.00,2092.50,1395.00,100.00,3932.50,38980.00,'Pending'),(216,10036,'07/01/2025 to 07/15/2025',29500.00,4500.00,0.00,0.00,1327.50,885.00,100.00,1078.13,26109.38,'Pending'),(217,10001,'07/01/2025 to 07/15/2025',60214.20,4500.00,10714.20,0.00,2709.64,1806.43,100.00,6469.63,49128.51,'Pending'),(218,10002,'07/01/2025 to 07/15/2025',41642.80,4500.00,7142.80,0.00,1873.93,1249.28,100.00,3033.92,35385.67,'Pending'),(219,10003,'07/01/2025 to 07/15/2025',41642.80,4500.00,7142.80,0.00,1873.93,1249.28,100.00,3033.92,35385.67,'Pending'),(220,10004,'07/01/2025 to 07/15/2025',41642.80,4500.00,7142.80,0.00,1873.93,1249.28,100.00,3033.92,35385.67,'Pending'),(221,10005,'07/01/2025 to 07/15/2025',29835.00,3500.00,0.00,0.00,1342.58,895.05,100.00,1124.61,26372.77,'Pending'),(222,10006,'07/01/2025 to 07/15/2025',29835.00,3500.00,0.00,0.00,1342.58,895.05,100.00,1124.61,26372.77,'Pending'),(223,10007,'07/01/2025 to 07/15/2025',24587.50,3100.00,0.00,0.00,1106.44,737.63,100.00,396.52,22246.92,'Pending'),(224,10008,'07/01/2025 to 07/15/2025',13750.00,2500.00,0.00,0.00,618.75,412.50,100.00,0.00,12618.75,'Pending'),(225,10009,'07/01/2025 to 07/15/2025',13750.00,2500.00,0.00,0.00,618.75,412.50,100.00,0.00,12618.75,'Pending'),(226,10010,'07/01/2025 to 07/15/2025',29835.00,3500.00,0.00,0.00,1342.58,895.05,100.00,1124.61,26372.77,'Pending'),(227,10011,'07/01/2025 to 07/15/2025',28912.50,3500.00,0.00,0.00,1301.06,867.38,100.00,996.61,25647.45,'Pending'),(228,10012,'07/01/2025 to 07/15/2025',22337.50,3100.00,0.00,0.00,1005.19,670.13,100.00,84.33,20477.86,'Pending'),(229,10013,'07/01/2025 to 07/15/2025',14500.00,2500.00,0.00,0.00,652.50,435.00,100.00,0.00,13312.50,'Pending'),(230,10014,'07/01/2025 to 07/15/2025',14500.00,2500.00,0.00,0.00,652.50,435.00,100.00,0.00,13312.50,'Pending'),(231,10015,'07/01/2025 to 07/15/2025',30250.00,3500.00,0.00,0.00,1361.25,907.50,100.00,1182.19,26699.06,'Pending'),(232,10016,'07/01/2025 to 07/15/2025',24587.50,3100.00,0.00,0.00,1106.44,737.63,100.00,396.52,22246.92,'Pending'),(233,10017,'07/01/2025 to 07/15/2025',24587.50,3100.00,0.00,0.00,1106.44,737.63,100.00,396.52,22246.92,'Pending'),(234,10018,'07/01/2025 to 07/15/2025',15137.50,2500.00,0.00,0.00,681.19,454.13,100.00,0.00,13902.19,'Pending'),(235,10019,'07/01/2025 to 07/15/2025',15137.50,2500.00,0.00,0.00,681.19,454.13,100.00,0.00,13902.19,'Pending'),(236,10020,'07/01/2025 to 07/15/2025',16737.50,2500.00,0.00,0.00,753.19,502.13,100.00,0.00,15382.19,'Pending'),(237,10021,'07/01/2025 to 07/15/2025',16737.50,2500.00,0.00,0.00,753.19,502.13,100.00,0.00,15382.19,'Pending'),(238,10022,'07/01/2025 to 07/15/2025',14500.00,2500.00,0.00,0.00,652.50,435.00,100.00,0.00,13312.50,'Pending'),(239,10023,'07/01/2025 to 07/15/2025',19600.00,3100.00,0.00,0.00,882.00,588.00,100.00,0.00,18030.00,'Pending'),(240,10024,'07/01/2025 to 07/15/2025',19600.00,3100.00,0.00,0.00,882.00,588.00,100.00,0.00,18030.00,'Pending'),(241,10025,'07/01/2025 to 07/15/2025',19600.00,3100.00,0.00,0.00,882.00,588.00,100.00,0.00,18030.00,'Pending'),(242,10026,'07/01/2025 to 07/15/2025',14500.00,2500.00,0.00,0.00,652.50,435.00,100.00,0.00,13312.50,'Pending'),(243,10027,'07/01/2025 to 07/15/2025',14500.00,2500.00,0.00,0.00,652.50,435.00,100.00,0.00,13312.50,'Pending'),(244,10028,'07/01/2025 to 07/15/2025',14500.00,2500.00,0.00,0.00,652.50,435.00,100.00,0.00,13312.50,'Pending'),(245,10029,'07/01/2025 to 07/15/2025',13750.00,2500.00,0.00,0.00,618.75,412.50,100.00,0.00,12618.75,'Pending'),(246,10030,'07/01/2025 to 07/15/2025',13750.00,2500.00,0.00,0.00,618.75,412.50,100.00,0.00,12618.75,'Pending'),(247,10031,'07/01/2025 to 07/15/2025',13750.00,2500.00,0.00,0.00,618.75,412.50,100.00,0.00,12618.75,'Pending'),(248,10032,'07/01/2025 to 07/15/2025',13750.00,2500.00,0.00,0.00,618.75,412.50,100.00,0.00,12618.75,'Pending'),(249,10033,'07/01/2025 to 07/15/2025',13750.00,2500.00,0.00,0.00,618.75,412.50,100.00,0.00,12618.75,'Pending'),(250,10034,'07/01/2025 to 07/15/2025',13750.00,2500.00,0.00,0.00,618.75,412.50,100.00,0.00,12618.75,'Pending'),(251,10035,'07/01/2025 to 07/15/2025',46500.00,1500.00,0.00,0.00,2092.50,1395.00,100.00,3932.50,38980.00,'Pending'),(252,10036,'07/01/2025 to 07/15/2025',29500.00,4500.00,0.00,0.00,1327.50,885.00,100.00,1078.13,26109.38,'Pending'),(253,10001,'07/01/2025 to 07/15/2025',60214.20,4500.00,10714.20,0.00,2709.64,1806.43,100.00,6469.63,49128.51,'Pending'),(254,10002,'07/01/2025 to 07/15/2025',41642.80,4500.00,7142.80,0.00,1873.93,1249.28,100.00,3033.92,35385.67,'Pending'),(255,10003,'07/01/2025 to 07/15/2025',41642.80,4500.00,7142.80,0.00,1873.93,1249.28,100.00,3033.92,35385.67,'Pending'),(256,10004,'07/01/2025 to 07/15/2025',41642.80,4500.00,7142.80,0.00,1873.93,1249.28,100.00,3033.92,35385.67,'Pending'),(257,10005,'07/01/2025 to 07/15/2025',29835.00,3500.00,0.00,0.00,1342.58,895.05,100.00,1124.61,26372.77,'Pending'),(258,10006,'07/01/2025 to 07/15/2025',29835.00,3500.00,0.00,0.00,1342.58,895.05,100.00,1124.61,26372.77,'Pending'),(259,10007,'07/01/2025 to 07/15/2025',24587.50,3100.00,0.00,0.00,1106.44,737.63,100.00,396.52,22246.92,'Pending'),(260,10008,'07/01/2025 to 07/15/2025',13750.00,2500.00,0.00,0.00,618.75,412.50,100.00,0.00,12618.75,'Pending'),(261,10009,'07/01/2025 to 07/15/2025',13750.00,2500.00,0.00,0.00,618.75,412.50,100.00,0.00,12618.75,'Pending'),(262,10010,'07/01/2025 to 07/15/2025',29835.00,3500.00,0.00,0.00,1342.58,895.05,100.00,1124.61,26372.77,'Pending'),(263,10011,'07/01/2025 to 07/15/2025',28912.50,3500.00,0.00,0.00,1301.06,867.38,100.00,996.61,25647.45,'Pending'),(264,10012,'07/01/2025 to 07/15/2025',22337.50,3100.00,0.00,0.00,1005.19,670.13,100.00,84.33,20477.86,'Pending'),(265,10013,'07/01/2025 to 07/15/2025',14500.00,2500.00,0.00,0.00,652.50,435.00,100.00,0.00,13312.50,'Pending'),(266,10014,'07/01/2025 to 07/15/2025',14500.00,2500.00,0.00,0.00,652.50,435.00,100.00,0.00,13312.50,'Pending'),(267,10015,'07/01/2025 to 07/15/2025',30250.00,3500.00,0.00,0.00,1361.25,907.50,100.00,1182.19,26699.06,'Pending'),(268,10016,'07/01/2025 to 07/15/2025',24587.50,3100.00,0.00,0.00,1106.44,737.63,100.00,396.52,22246.92,'Pending'),(269,10017,'07/01/2025 to 07/15/2025',24587.50,3100.00,0.00,0.00,1106.44,737.63,100.00,396.52,22246.92,'Pending'),(270,10018,'07/01/2025 to 07/15/2025',15137.50,2500.00,0.00,0.00,681.19,454.13,100.00,0.00,13902.19,'Pending'),(271,10019,'07/01/2025 to 07/15/2025',15137.50,2500.00,0.00,0.00,681.19,454.13,100.00,0.00,13902.19,'Pending'),(272,10020,'07/01/2025 to 07/15/2025',16737.50,2500.00,0.00,0.00,753.19,502.13,100.00,0.00,15382.19,'Pending'),(273,10021,'07/01/2025 to 07/15/2025',16737.50,2500.00,0.00,0.00,753.19,502.13,100.00,0.00,15382.19,'Pending'),(274,10022,'07/01/2025 to 07/15/2025',14500.00,2500.00,0.00,0.00,652.50,435.00,100.00,0.00,13312.50,'Pending'),(275,10023,'07/01/2025 to 07/15/2025',19600.00,3100.00,0.00,0.00,882.00,588.00,100.00,0.00,18030.00,'Pending'),(276,10024,'07/01/2025 to 07/15/2025',19600.00,3100.00,0.00,0.00,882.00,588.00,100.00,0.00,18030.00,'Pending'),(277,10025,'07/01/2025 to 07/15/2025',19600.00,3100.00,0.00,0.00,882.00,588.00,100.00,0.00,18030.00,'Pending'),(278,10026,'07/01/2025 to 07/15/2025',14500.00,2500.00,0.00,0.00,652.50,435.00,100.00,0.00,13312.50,'Pending'),(279,10027,'07/01/2025 to 07/15/2025',14500.00,2500.00,0.00,0.00,652.50,435.00,100.00,0.00,13312.50,'Pending'),(280,10028,'07/01/2025 to 07/15/2025',14500.00,2500.00,0.00,0.00,652.50,435.00,100.00,0.00,13312.50,'Pending'),(281,10029,'07/01/2025 to 07/15/2025',13750.00,2500.00,0.00,0.00,618.75,412.50,100.00,0.00,12618.75,'Pending'),(282,10030,'07/01/2025 to 07/15/2025',13750.00,2500.00,0.00,0.00,618.75,412.50,100.00,0.00,12618.75,'Pending'),(283,10031,'07/01/2025 to 07/15/2025',13750.00,2500.00,0.00,0.00,618.75,412.50,100.00,0.00,12618.75,'Pending'),(284,10032,'07/01/2025 to 07/15/2025',13750.00,2500.00,0.00,0.00,618.75,412.50,100.00,0.00,12618.75,'Pending'),(285,10033,'07/01/2025 to 07/15/2025',13750.00,2500.00,0.00,0.00,618.75,412.50,100.00,0.00,12618.75,'Pending'),(286,10034,'07/01/2025 to 07/15/2025',13750.00,2500.00,0.00,0.00,618.75,412.50,100.00,0.00,12618.75,'Pending'),(287,10035,'07/01/2025 to 07/15/2025',46500.00,1500.00,0.00,0.00,2092.50,1395.00,100.00,3932.50,38980.00,'Pending'),(288,10036,'07/01/2025 to 07/15/2025',29500.00,4500.00,0.00,0.00,1327.50,885.00,100.00,1078.13,26109.38,'Pending'),(289,10001,'07/01/2025 to 07/15/2025',60214.20,4500.00,10714.20,0.00,2709.64,1806.43,100.00,6469.63,49128.51,'Pending'),(290,10002,'07/01/2025 to 07/15/2025',41642.80,4500.00,7142.80,0.00,1873.93,1249.28,100.00,3033.92,35385.67,'Pending'),(291,10003,'07/01/2025 to 07/15/2025',41642.80,4500.00,7142.80,0.00,1873.93,1249.28,100.00,3033.92,35385.67,'Pending'),(292,10004,'07/01/2025 to 07/15/2025',41642.80,4500.00,7142.80,0.00,1873.93,1249.28,100.00,3033.92,35385.67,'Pending'),(293,10005,'07/01/2025 to 07/15/2025',29835.00,3500.00,0.00,0.00,1342.58,895.05,100.00,1124.61,26372.77,'Pending'),(294,10006,'07/01/2025 to 07/15/2025',29835.00,3500.00,0.00,0.00,1342.58,895.05,100.00,1124.61,26372.77,'Pending'),(295,10007,'07/01/2025 to 07/15/2025',24587.50,3100.00,0.00,0.00,1106.44,737.63,100.00,396.52,22246.92,'Pending'),(296,10008,'07/01/2025 to 07/15/2025',13750.00,2500.00,0.00,0.00,618.75,412.50,100.00,0.00,12618.75,'Pending'),(297,10009,'07/01/2025 to 07/15/2025',13750.00,2500.00,0.00,0.00,618.75,412.50,100.00,0.00,12618.75,'Pending'),(298,10010,'07/01/2025 to 07/15/2025',29835.00,3500.00,0.00,0.00,1342.58,895.05,100.00,1124.61,26372.77,'Pending'),(299,10011,'07/01/2025 to 07/15/2025',28912.50,3500.00,0.00,0.00,1301.06,867.38,100.00,996.61,25647.45,'Pending'),(300,10012,'07/01/2025 to 07/15/2025',22337.50,3100.00,0.00,0.00,1005.19,670.13,100.00,84.33,20477.86,'Pending'),(301,10013,'07/01/2025 to 07/15/2025',14500.00,2500.00,0.00,0.00,652.50,435.00,100.00,0.00,13312.50,'Pending'),(302,10014,'07/01/2025 to 07/15/2025',14500.00,2500.00,0.00,0.00,652.50,435.00,100.00,0.00,13312.50,'Pending'),(303,10015,'07/01/2025 to 07/15/2025',30250.00,3500.00,0.00,0.00,1361.25,907.50,100.00,1182.19,26699.06,'Pending'),(304,10016,'07/01/2025 to 07/15/2025',24587.50,3100.00,0.00,0.00,1106.44,737.63,100.00,396.52,22246.92,'Pending'),(305,10017,'07/01/2025 to 07/15/2025',24587.50,3100.00,0.00,0.00,1106.44,737.63,100.00,396.52,22246.92,'Pending'),(306,10018,'07/01/2025 to 07/15/2025',15137.50,2500.00,0.00,0.00,681.19,454.13,100.00,0.00,13902.19,'Pending'),(307,10019,'07/01/2025 to 07/15/2025',15137.50,2500.00,0.00,0.00,681.19,454.13,100.00,0.00,13902.19,'Pending'),(308,10020,'07/01/2025 to 07/15/2025',16737.50,2500.00,0.00,0.00,753.19,502.13,100.00,0.00,15382.19,'Pending'),(309,10021,'07/01/2025 to 07/15/2025',16737.50,2500.00,0.00,0.00,753.19,502.13,100.00,0.00,15382.19,'Pending'),(310,10022,'07/01/2025 to 07/15/2025',14500.00,2500.00,0.00,0.00,652.50,435.00,100.00,0.00,13312.50,'Pending'),(311,10023,'07/01/2025 to 07/15/2025',19600.00,3100.00,0.00,0.00,882.00,588.00,100.00,0.00,18030.00,'Pending'),(312,10024,'07/01/2025 to 07/15/2025',19600.00,3100.00,0.00,0.00,882.00,588.00,100.00,0.00,18030.00,'Pending'),(313,10025,'07/01/2025 to 07/15/2025',19600.00,3100.00,0.00,0.00,882.00,588.00,100.00,0.00,18030.00,'Pending'),(314,10026,'07/01/2025 to 07/15/2025',14500.00,2500.00,0.00,0.00,652.50,435.00,100.00,0.00,13312.50,'Pending'),(315,10027,'07/01/2025 to 07/15/2025',14500.00,2500.00,0.00,0.00,652.50,435.00,100.00,0.00,13312.50,'Pending'),(316,10028,'07/01/2025 to 07/15/2025',14500.00,2500.00,0.00,0.00,652.50,435.00,100.00,0.00,13312.50,'Pending'),(317,10029,'07/01/2025 to 07/15/2025',13750.00,2500.00,0.00,0.00,618.75,412.50,100.00,0.00,12618.75,'Pending'),(318,10030,'07/01/2025 to 07/15/2025',13750.00,2500.00,0.00,0.00,618.75,412.50,100.00,0.00,12618.75,'Pending'),(319,10031,'07/01/2025 to 07/15/2025',13750.00,2500.00,0.00,0.00,618.75,412.50,100.00,0.00,12618.75,'Pending'),(320,10032,'07/01/2025 to 07/15/2025',13750.00,2500.00,0.00,0.00,618.75,412.50,100.00,0.00,12618.75,'Pending'),(321,10033,'07/01/2025 to 07/15/2025',13750.00,2500.00,0.00,0.00,618.75,412.50,100.00,0.00,12618.75,'Pending'),(322,10034,'07/01/2025 to 07/15/2025',13750.00,2500.00,0.00,0.00,618.75,412.50,100.00,0.00,12618.75,'Pending'),(323,10035,'07/01/2025 to 07/15/2025',46500.00,1500.00,0.00,0.00,2092.50,1395.00,100.00,3932.50,38980.00,'Pending'),(324,10036,'07/01/2025 to 07/15/2025',29500.00,4500.00,0.00,0.00,1327.50,885.00,100.00,1078.13,26109.38,'Pending'),(325,10001,'07/01/2025 to 07/15/2025',60214.20,4500.00,10714.20,0.00,2709.64,1806.43,100.00,6469.63,49128.51,'Pending'),(326,10002,'07/01/2025 to 07/15/2025',41642.80,4500.00,7142.80,0.00,1873.93,1249.28,100.00,3033.92,35385.67,'Pending'),(327,10003,'07/01/2025 to 07/15/2025',41642.80,4500.00,7142.80,0.00,1873.93,1249.28,100.00,3033.92,35385.67,'Pending'),(328,10004,'07/01/2025 to 07/15/2025',41642.80,4500.00,7142.80,0.00,1873.93,1249.28,100.00,3033.92,35385.67,'Pending'),(329,10005,'07/01/2025 to 07/15/2025',29835.00,3500.00,0.00,0.00,1342.58,895.05,100.00,1124.61,26372.77,'Pending'),(330,10006,'07/01/2025 to 07/15/2025',29835.00,3500.00,0.00,0.00,1342.58,895.05,100.00,1124.61,26372.77,'Pending'),(331,10007,'07/01/2025 to 07/15/2025',24587.50,3100.00,0.00,0.00,1106.44,737.63,100.00,396.52,22246.92,'Pending'),(332,10008,'07/01/2025 to 07/15/2025',13750.00,2500.00,0.00,0.00,618.75,412.50,100.00,0.00,12618.75,'Pending'),(333,10009,'07/01/2025 to 07/15/2025',13750.00,2500.00,0.00,0.00,618.75,412.50,100.00,0.00,12618.75,'Pending'),(334,10010,'07/01/2025 to 07/15/2025',29835.00,3500.00,0.00,0.00,1342.58,895.05,100.00,1124.61,26372.77,'Pending'),(335,10011,'07/01/2025 to 07/15/2025',28912.50,3500.00,0.00,0.00,1301.06,867.38,100.00,996.61,25647.45,'Pending'),(336,10012,'07/01/2025 to 07/15/2025',22337.50,3100.00,0.00,0.00,1005.19,670.13,100.00,84.33,20477.86,'Pending'),(337,10013,'07/01/2025 to 07/15/2025',14500.00,2500.00,0.00,0.00,652.50,435.00,100.00,0.00,13312.50,'Pending'),(338,10014,'07/01/2025 to 07/15/2025',14500.00,2500.00,0.00,0.00,652.50,435.00,100.00,0.00,13312.50,'Pending'),(339,10015,'07/01/2025 to 07/15/2025',30250.00,3500.00,0.00,0.00,1361.25,907.50,100.00,1182.19,26699.06,'Pending'),(340,10016,'07/01/2025 to 07/15/2025',24587.50,3100.00,0.00,0.00,1106.44,737.63,100.00,396.52,22246.92,'Pending'),(341,10017,'07/01/2025 to 07/15/2025',24587.50,3100.00,0.00,0.00,1106.44,737.63,100.00,396.52,22246.92,'Pending'),(342,10018,'07/01/2025 to 07/15/2025',15137.50,2500.00,0.00,0.00,681.19,454.13,100.00,0.00,13902.19,'Pending'),(343,10019,'07/01/2025 to 07/15/2025',15137.50,2500.00,0.00,0.00,681.19,454.13,100.00,0.00,13902.19,'Pending'),(344,10020,'07/01/2025 to 07/15/2025',16737.50,2500.00,0.00,0.00,753.19,502.13,100.00,0.00,15382.19,'Pending'),(345,10021,'07/01/2025 to 07/15/2025',16737.50,2500.00,0.00,0.00,753.19,502.13,100.00,0.00,15382.19,'Pending'),(346,10022,'07/01/2025 to 07/15/2025',14500.00,2500.00,0.00,0.00,652.50,435.00,100.00,0.00,13312.50,'Pending'),(347,10023,'07/01/2025 to 07/15/2025',19600.00,3100.00,0.00,0.00,882.00,588.00,100.00,0.00,18030.00,'Pending'),(348,10024,'07/01/2025 to 07/15/2025',19600.00,3100.00,0.00,0.00,882.00,588.00,100.00,0.00,18030.00,'Pending'),(349,10025,'07/01/2025 to 07/15/2025',19600.00,3100.00,0.00,0.00,882.00,588.00,100.00,0.00,18030.00,'Pending'),(350,10026,'07/01/2025 to 07/15/2025',14500.00,2500.00,0.00,0.00,652.50,435.00,100.00,0.00,13312.50,'Pending'),(351,10027,'07/01/2025 to 07/15/2025',14500.00,2500.00,0.00,0.00,652.50,435.00,100.00,0.00,13312.50,'Pending'),(352,10028,'07/01/2025 to 07/15/2025',14500.00,2500.00,0.00,0.00,652.50,435.00,100.00,0.00,13312.50,'Pending'),(353,10029,'07/01/2025 to 07/15/2025',13750.00,2500.00,0.00,0.00,618.75,412.50,100.00,0.00,12618.75,'Pending'),(354,10030,'07/01/2025 to 07/15/2025',13750.00,2500.00,0.00,0.00,618.75,412.50,100.00,0.00,12618.75,'Pending'),(355,10031,'07/01/2025 to 07/15/2025',13750.00,2500.00,0.00,0.00,618.75,412.50,100.00,0.00,12618.75,'Pending'),(356,10032,'07/01/2025 to 07/15/2025',13750.00,2500.00,0.00,0.00,618.75,412.50,100.00,0.00,12618.75,'Pending'),(357,10033,'07/01/2025 to 07/15/2025',13750.00,2500.00,0.00,0.00,618.75,412.50,100.00,0.00,12618.75,'Pending'),(358,10034,'07/01/2025 to 07/15/2025',13750.00,2500.00,0.00,0.00,618.75,412.50,100.00,0.00,12618.75,'Pending'),(359,10035,'07/01/2025 to 07/15/2025',46500.00,1500.00,0.00,0.00,2092.50,1395.00,100.00,3932.50,38980.00,'Pending'),(360,10036,'07/01/2025 to 07/15/2025',29500.00,4500.00,0.00,0.00,1327.50,885.00,100.00,1078.13,26109.38,'Pending'),(361,10001,'07/01/2025 to 07/15/2025',60214.20,4500.00,10714.20,0.00,2709.64,1806.43,100.00,6469.63,49128.51,'Pending'),(362,10002,'07/01/2025 to 07/15/2025',41642.80,4500.00,7142.80,0.00,1873.93,1249.28,100.00,3033.92,35385.67,'Pending'),(363,10003,'07/01/2025 to 07/15/2025',41642.80,4500.00,7142.80,0.00,1873.93,1249.28,100.00,3033.92,35385.67,'Pending'),(364,10004,'07/01/2025 to 07/15/2025',41642.80,4500.00,7142.80,0.00,1873.93,1249.28,100.00,3033.92,35385.67,'Pending'),(365,10005,'07/01/2025 to 07/15/2025',29835.00,3500.00,0.00,0.00,1342.58,895.05,100.00,1124.61,26372.77,'Pending'),(366,10006,'07/01/2025 to 07/15/2025',29835.00,3500.00,0.00,0.00,1342.58,895.05,100.00,1124.61,26372.77,'Pending'),(367,10007,'07/01/2025 to 07/15/2025',24587.50,3100.00,0.00,0.00,1106.44,737.63,100.00,396.52,22246.92,'Pending'),(368,10008,'07/01/2025 to 07/15/2025',13750.00,2500.00,0.00,0.00,618.75,412.50,100.00,0.00,12618.75,'Pending'),(369,10009,'07/01/2025 to 07/15/2025',13750.00,2500.00,0.00,0.00,618.75,412.50,100.00,0.00,12618.75,'Pending'),(370,10010,'07/01/2025 to 07/15/2025',29835.00,3500.00,0.00,0.00,1342.58,895.05,100.00,1124.61,26372.77,'Pending'),(371,10011,'07/01/2025 to 07/15/2025',28912.50,3500.00,0.00,0.00,1301.06,867.38,100.00,996.61,25647.45,'Pending'),(372,10012,'07/01/2025 to 07/15/2025',22337.50,3100.00,0.00,0.00,1005.19,670.13,100.00,84.33,20477.86,'Pending'),(373,10013,'07/01/2025 to 07/15/2025',14500.00,2500.00,0.00,0.00,652.50,435.00,100.00,0.00,13312.50,'Pending'),(374,10014,'07/01/2025 to 07/15/2025',14500.00,2500.00,0.00,0.00,652.50,435.00,100.00,0.00,13312.50,'Pending'),(375,10015,'07/01/2025 to 07/15/2025',30250.00,3500.00,0.00,0.00,1361.25,907.50,100.00,1182.19,26699.06,'Pending'),(376,10016,'07/01/2025 to 07/15/2025',24587.50,3100.00,0.00,0.00,1106.44,737.63,100.00,396.52,22246.92,'Pending'),(377,10017,'07/01/2025 to 07/15/2025',24587.50,3100.00,0.00,0.00,1106.44,737.63,100.00,396.52,22246.92,'Pending'),(378,10018,'07/01/2025 to 07/15/2025',15137.50,2500.00,0.00,0.00,681.19,454.13,100.00,0.00,13902.19,'Pending'),(379,10019,'07/01/2025 to 07/15/2025',15137.50,2500.00,0.00,0.00,681.19,454.13,100.00,0.00,13902.19,'Pending'),(380,10020,'07/01/2025 to 07/15/2025',16737.50,2500.00,0.00,0.00,753.19,502.13,100.00,0.00,15382.19,'Pending'),(381,10021,'07/01/2025 to 07/15/2025',16737.50,2500.00,0.00,0.00,753.19,502.13,100.00,0.00,15382.19,'Pending'),(382,10022,'07/01/2025 to 07/15/2025',14500.00,2500.00,0.00,0.00,652.50,435.00,100.00,0.00,13312.50,'Pending'),(383,10023,'07/01/2025 to 07/15/2025',19600.00,3100.00,0.00,0.00,882.00,588.00,100.00,0.00,18030.00,'Pending'),(384,10024,'07/01/2025 to 07/15/2025',19600.00,3100.00,0.00,0.00,882.00,588.00,100.00,0.00,18030.00,'Pending'),(385,10025,'07/01/2025 to 07/15/2025',19600.00,3100.00,0.00,0.00,882.00,588.00,100.00,0.00,18030.00,'Pending'),(386,10026,'07/01/2025 to 07/15/2025',14500.00,2500.00,0.00,0.00,652.50,435.00,100.00,0.00,13312.50,'Pending'),(387,10027,'07/01/2025 to 07/15/2025',14500.00,2500.00,0.00,0.00,652.50,435.00,100.00,0.00,13312.50,'Pending'),(388,10028,'07/01/2025 to 07/15/2025',14500.00,2500.00,0.00,0.00,652.50,435.00,100.00,0.00,13312.50,'Pending'),(389,10029,'07/01/2025 to 07/15/2025',13750.00,2500.00,0.00,0.00,618.75,412.50,100.00,0.00,12618.75,'Pending'),(390,10030,'07/01/2025 to 07/15/2025',13750.00,2500.00,0.00,0.00,618.75,412.50,100.00,0.00,12618.75,'Pending'),(391,10031,'07/01/2025 to 07/15/2025',13750.00,2500.00,0.00,0.00,618.75,412.50,100.00,0.00,12618.75,'Pending'),(392,10032,'07/01/2025 to 07/15/2025',13750.00,2500.00,0.00,0.00,618.75,412.50,100.00,0.00,12618.75,'Pending'),(393,10033,'07/01/2025 to 07/15/2025',13750.00,2500.00,0.00,0.00,618.75,412.50,100.00,0.00,12618.75,'Pending'),(394,10034,'07/01/2025 to 07/15/2025',13750.00,2500.00,0.00,0.00,618.75,412.50,100.00,0.00,12618.75,'Pending'),(395,10035,'07/01/2025 to 07/15/2025',46500.00,1500.00,0.00,0.00,2092.50,1395.00,100.00,3932.50,38980.00,'Pending'),(396,10036,'07/01/2025 to 07/15/2025',29500.00,4500.00,0.00,0.00,1327.50,885.00,100.00,1078.13,26109.38,'Pending'),(397,10001,'07/01/2025 to 07/15/2025',60214.20,4500.00,10714.20,0.00,2709.64,1806.43,100.00,6469.63,49128.51,'Pending'),(398,10002,'07/01/2025 to 07/15/2025',41642.80,4500.00,7142.80,0.00,1873.93,1249.28,100.00,3033.92,35385.67,'Pending'),(399,10003,'07/01/2025 to 07/15/2025',41642.80,4500.00,7142.80,0.00,1873.93,1249.28,100.00,3033.92,35385.67,'Pending'),(400,10004,'07/01/2025 to 07/15/2025',41642.80,4500.00,7142.80,0.00,1873.93,1249.28,100.00,3033.92,35385.67,'Pending'),(401,10005,'07/01/2025 to 07/15/2025',29835.00,3500.00,0.00,0.00,1342.58,895.05,100.00,1124.61,26372.77,'Pending'),(402,10006,'07/01/2025 to 07/15/2025',29835.00,3500.00,0.00,0.00,1342.58,895.05,100.00,1124.61,26372.77,'Pending'),(403,10007,'07/01/2025 to 07/15/2025',24587.50,3100.00,0.00,0.00,1106.44,737.63,100.00,396.52,22246.92,'Pending'),(404,10008,'07/01/2025 to 07/15/2025',13750.00,2500.00,0.00,0.00,618.75,412.50,100.00,0.00,12618.75,'Pending'),(405,10009,'07/01/2025 to 07/15/2025',13750.00,2500.00,0.00,0.00,618.75,412.50,100.00,0.00,12618.75,'Pending'),(406,10010,'07/01/2025 to 07/15/2025',29835.00,3500.00,0.00,0.00,1342.58,895.05,100.00,1124.61,26372.77,'Pending'),(407,10011,'07/01/2025 to 07/15/2025',28912.50,3500.00,0.00,0.00,1301.06,867.38,100.00,996.61,25647.45,'Pending'),(408,10012,'07/01/2025 to 07/15/2025',22337.50,3100.00,0.00,0.00,1005.19,670.13,100.00,84.33,20477.86,'Pending'),(409,10013,'07/01/2025 to 07/15/2025',14500.00,2500.00,0.00,0.00,652.50,435.00,100.00,0.00,13312.50,'Pending'),(410,10014,'07/01/2025 to 07/15/2025',14500.00,2500.00,0.00,0.00,652.50,435.00,100.00,0.00,13312.50,'Pending'),(411,10015,'07/01/2025 to 07/15/2025',30250.00,3500.00,0.00,0.00,1361.25,907.50,100.00,1182.19,26699.06,'Pending'),(412,10016,'07/01/2025 to 07/15/2025',24587.50,3100.00,0.00,0.00,1106.44,737.63,100.00,396.52,22246.92,'Pending'),(413,10017,'07/01/2025 to 07/15/2025',24587.50,3100.00,0.00,0.00,1106.44,737.63,100.00,396.52,22246.92,'Pending'),(414,10018,'07/01/2025 to 07/15/2025',15137.50,2500.00,0.00,0.00,681.19,454.13,100.00,0.00,13902.19,'Pending'),(415,10019,'07/01/2025 to 07/15/2025',15137.50,2500.00,0.00,0.00,681.19,454.13,100.00,0.00,13902.19,'Pending'),(416,10020,'07/01/2025 to 07/15/2025',16737.50,2500.00,0.00,0.00,753.19,502.13,100.00,0.00,15382.19,'Pending'),(417,10021,'07/01/2025 to 07/15/2025',16737.50,2500.00,0.00,0.00,753.19,502.13,100.00,0.00,15382.19,'Pending'),(418,10022,'07/01/2025 to 07/15/2025',14500.00,2500.00,0.00,0.00,652.50,435.00,100.00,0.00,13312.50,'Pending'),(419,10023,'07/01/2025 to 07/15/2025',19600.00,3100.00,0.00,0.00,882.00,588.00,100.00,0.00,18030.00,'Pending'),(420,10024,'07/01/2025 to 07/15/2025',19600.00,3100.00,0.00,0.00,882.00,588.00,100.00,0.00,18030.00,'Pending'),(421,10025,'07/01/2025 to 07/15/2025',19600.00,3100.00,0.00,0.00,882.00,588.00,100.00,0.00,18030.00,'Pending'),(422,10026,'07/01/2025 to 07/15/2025',14500.00,2500.00,0.00,0.00,652.50,435.00,100.00,0.00,13312.50,'Pending'),(423,10027,'07/01/2025 to 07/15/2025',14500.00,2500.00,0.00,0.00,652.50,435.00,100.00,0.00,13312.50,'Pending'),(424,10028,'07/01/2025 to 07/15/2025',14500.00,2500.00,0.00,0.00,652.50,435.00,100.00,0.00,13312.50,'Pending'),(425,10029,'07/01/2025 to 07/15/2025',13750.00,2500.00,0.00,0.00,618.75,412.50,100.00,0.00,12618.75,'Pending'),(426,10030,'07/01/2025 to 07/15/2025',13750.00,2500.00,0.00,0.00,618.75,412.50,100.00,0.00,12618.75,'Pending'),(427,10031,'07/01/2025 to 07/15/2025',13750.00,2500.00,0.00,0.00,618.75,412.50,100.00,0.00,12618.75,'Pending'),(428,10032,'07/01/2025 to 07/15/2025',13750.00,2500.00,0.00,0.00,618.75,412.50,100.00,0.00,12618.75,'Pending'),(429,10033,'07/01/2025 to 07/15/2025',13750.00,2500.00,0.00,0.00,618.75,412.50,100.00,0.00,12618.75,'Pending'),(430,10034,'07/01/2025 to 07/15/2025',13750.00,2500.00,0.00,0.00,618.75,412.50,100.00,0.00,12618.75,'Pending'),(431,10035,'07/01/2025 to 07/15/2025',46500.00,1500.00,0.00,0.00,2092.50,1395.00,100.00,3932.50,38980.00,'Pending'),(432,10036,'07/01/2025 to 07/15/2025',29500.00,4500.00,0.00,0.00,1327.50,885.00,100.00,1078.13,26109.38,'Pending'),(433,10001,'07/01/2025 to 07/15/2025',60214.20,4500.00,10714.20,0.00,2709.64,1806.43,100.00,6469.63,49128.51,'Pending'),(434,10002,'07/01/2025 to 07/15/2025',41642.80,4500.00,7142.80,0.00,1873.93,1249.28,100.00,3033.92,35385.67,'Pending'),(435,10003,'07/01/2025 to 07/15/2025',41642.80,4500.00,7142.80,0.00,1873.93,1249.28,100.00,3033.92,35385.67,'Pending'),(436,10004,'07/01/2025 to 07/15/2025',41642.80,4500.00,7142.80,0.00,1873.93,1249.28,100.00,3033.92,35385.67,'Pending'),(437,10005,'07/01/2025 to 07/15/2025',29835.00,3500.00,0.00,0.00,1342.58,895.05,100.00,1124.61,26372.77,'Pending'),(438,10006,'07/01/2025 to 07/15/2025',29835.00,3500.00,0.00,0.00,1342.58,895.05,100.00,1124.61,26372.77,'Pending'),(439,10007,'07/01/2025 to 07/15/2025',24587.50,3100.00,0.00,0.00,1106.44,737.63,100.00,396.52,22246.92,'Pending'),(440,10008,'07/01/2025 to 07/15/2025',13750.00,2500.00,0.00,0.00,618.75,412.50,100.00,0.00,12618.75,'Pending'),(441,10009,'07/01/2025 to 07/15/2025',13750.00,2500.00,0.00,0.00,618.75,412.50,100.00,0.00,12618.75,'Pending'),(442,10010,'07/01/2025 to 07/15/2025',29835.00,3500.00,0.00,0.00,1342.58,895.05,100.00,1124.61,26372.77,'Pending'),(443,10011,'07/01/2025 to 07/15/2025',28912.50,3500.00,0.00,0.00,1301.06,867.38,100.00,996.61,25647.45,'Pending'),(444,10012,'07/01/2025 to 07/15/2025',22337.50,3100.00,0.00,0.00,1005.19,670.13,100.00,84.33,20477.86,'Pending'),(445,10013,'07/01/2025 to 07/15/2025',14500.00,2500.00,0.00,0.00,652.50,435.00,100.00,0.00,13312.50,'Pending'),(446,10014,'07/01/2025 to 07/15/2025',14500.00,2500.00,0.00,0.00,652.50,435.00,100.00,0.00,13312.50,'Pending'),(447,10015,'07/01/2025 to 07/15/2025',30250.00,3500.00,0.00,0.00,1361.25,907.50,100.00,1182.19,26699.06,'Pending'),(448,10016,'07/01/2025 to 07/15/2025',24587.50,3100.00,0.00,0.00,1106.44,737.63,100.00,396.52,22246.92,'Pending'),(449,10017,'07/01/2025 to 07/15/2025',24587.50,3100.00,0.00,0.00,1106.44,737.63,100.00,396.52,22246.92,'Pending'),(450,10018,'07/01/2025 to 07/15/2025',15137.50,2500.00,0.00,0.00,681.19,454.13,100.00,0.00,13902.19,'Pending'),(451,10019,'07/01/2025 to 07/15/2025',15137.50,2500.00,0.00,0.00,681.19,454.13,100.00,0.00,13902.19,'Pending'),(452,10020,'07/01/2025 to 07/15/2025',16737.50,2500.00,0.00,0.00,753.19,502.13,100.00,0.00,15382.19,'Pending'),(453,10021,'07/01/2025 to 07/15/2025',16737.50,2500.00,0.00,0.00,753.19,502.13,100.00,0.00,15382.19,'Pending'),(454,10022,'07/01/2025 to 07/15/2025',14500.00,2500.00,0.00,0.00,652.50,435.00,100.00,0.00,13312.50,'Pending'),(455,10023,'07/01/2025 to 07/15/2025',19600.00,3100.00,0.00,0.00,882.00,588.00,100.00,0.00,18030.00,'Pending'),(456,10024,'07/01/2025 to 07/15/2025',19600.00,3100.00,0.00,0.00,882.00,588.00,100.00,0.00,18030.00,'Pending'),(457,10025,'07/01/2025 to 07/15/2025',19600.00,3100.00,0.00,0.00,882.00,588.00,100.00,0.00,18030.00,'Pending'),(458,10026,'07/01/2025 to 07/15/2025',14500.00,2500.00,0.00,0.00,652.50,435.00,100.00,0.00,13312.50,'Pending'),(459,10027,'07/01/2025 to 07/15/2025',14500.00,2500.00,0.00,0.00,652.50,435.00,100.00,0.00,13312.50,'Pending'),(460,10028,'07/01/2025 to 07/15/2025',14500.00,2500.00,0.00,0.00,652.50,435.00,100.00,0.00,13312.50,'Pending'),(461,10029,'07/01/2025 to 07/15/2025',13750.00,2500.00,0.00,0.00,618.75,412.50,100.00,0.00,12618.75,'Pending'),(462,10030,'07/01/2025 to 07/15/2025',13750.00,2500.00,0.00,0.00,618.75,412.50,100.00,0.00,12618.75,'Pending'),(463,10031,'07/01/2025 to 07/15/2025',13750.00,2500.00,0.00,0.00,618.75,412.50,100.00,0.00,12618.75,'Pending'),(464,10032,'07/01/2025 to 07/15/2025',13750.00,2500.00,0.00,0.00,618.75,412.50,100.00,0.00,12618.75,'Pending'),(465,10033,'07/01/2025 to 07/15/2025',13750.00,2500.00,0.00,0.00,618.75,412.50,100.00,0.00,12618.75,'Pending'),(466,10034,'07/01/2025 to 07/15/2025',13750.00,2500.00,0.00,0.00,618.75,412.50,100.00,0.00,12618.75,'Pending'),(467,10035,'07/01/2025 to 07/15/2025',46500.00,1500.00,0.00,0.00,2092.50,1395.00,100.00,3932.50,38980.00,'Pending'),(468,10036,'07/01/2025 to 07/15/2025',29500.00,4500.00,0.00,0.00,1327.50,885.00,100.00,1078.13,26109.38,'Pending'),(469,10001,'07/01/2025 to 07/15/2025',60214.20,4500.00,10714.20,0.00,2709.64,1806.43,100.00,6469.63,49128.51,'Pending'),(470,10002,'07/01/2025 to 07/15/2025',41642.80,4500.00,7142.80,0.00,1873.93,1249.28,100.00,3033.92,35385.67,'Pending'),(471,10003,'07/01/2025 to 07/15/2025',41642.80,4500.00,7142.80,0.00,1873.93,1249.28,100.00,3033.92,35385.67,'Pending'),(472,10004,'07/01/2025 to 07/15/2025',41642.80,4500.00,7142.80,0.00,1873.93,1249.28,100.00,3033.92,35385.67,'Pending'),(473,10005,'07/01/2025 to 07/15/2025',29835.00,3500.00,0.00,0.00,1342.58,895.05,100.00,1124.61,26372.77,'Pending'),(474,10006,'07/01/2025 to 07/15/2025',29835.00,3500.00,0.00,0.00,1342.58,895.05,100.00,1124.61,26372.77,'Pending'),(475,10007,'07/01/2025 to 07/15/2025',24587.50,3100.00,0.00,0.00,1106.44,737.63,100.00,396.52,22246.92,'Pending'),(476,10008,'07/01/2025 to 07/15/2025',13750.00,2500.00,0.00,0.00,618.75,412.50,100.00,0.00,12618.75,'Pending'),(477,10009,'07/01/2025 to 07/15/2025',13750.00,2500.00,0.00,0.00,618.75,412.50,100.00,0.00,12618.75,'Pending'),(478,10010,'07/01/2025 to 07/15/2025',29835.00,3500.00,0.00,0.00,1342.58,895.05,100.00,1124.61,26372.77,'Pending'),(479,10011,'07/01/2025 to 07/15/2025',28912.50,3500.00,0.00,0.00,1301.06,867.38,100.00,996.61,25647.45,'Pending'),(480,10012,'07/01/2025 to 07/15/2025',22337.50,3100.00,0.00,0.00,1005.19,670.13,100.00,84.33,20477.86,'Pending'),(481,10013,'07/01/2025 to 07/15/2025',14500.00,2500.00,0.00,0.00,652.50,435.00,100.00,0.00,13312.50,'Pending'),(482,10014,'07/01/2025 to 07/15/2025',14500.00,2500.00,0.00,0.00,652.50,435.00,100.00,0.00,13312.50,'Pending'),(483,10015,'07/01/2025 to 07/15/2025',30250.00,3500.00,0.00,0.00,1361.25,907.50,100.00,1182.19,26699.06,'Pending'),(484,10016,'07/01/2025 to 07/15/2025',24587.50,3100.00,0.00,0.00,1106.44,737.63,100.00,396.52,22246.92,'Pending'),(485,10017,'07/01/2025 to 07/15/2025',24587.50,3100.00,0.00,0.00,1106.44,737.63,100.00,396.52,22246.92,'Pending'),(486,10018,'07/01/2025 to 07/15/2025',15137.50,2500.00,0.00,0.00,681.19,454.13,100.00,0.00,13902.19,'Pending'),(487,10019,'07/01/2025 to 07/15/2025',15137.50,2500.00,0.00,0.00,681.19,454.13,100.00,0.00,13902.19,'Pending'),(488,10020,'07/01/2025 to 07/15/2025',16737.50,2500.00,0.00,0.00,753.19,502.13,100.00,0.00,15382.19,'Pending'),(489,10021,'07/01/2025 to 07/15/2025',16737.50,2500.00,0.00,0.00,753.19,502.13,100.00,0.00,15382.19,'Pending'),(490,10022,'07/01/2025 to 07/15/2025',14500.00,2500.00,0.00,0.00,652.50,435.00,100.00,0.00,13312.50,'Pending'),(491,10023,'07/01/2025 to 07/15/2025',19600.00,3100.00,0.00,0.00,882.00,588.00,100.00,0.00,18030.00,'Pending'),(492,10024,'07/01/2025 to 07/15/2025',19600.00,3100.00,0.00,0.00,882.00,588.00,100.00,0.00,18030.00,'Pending'),(493,10025,'07/01/2025 to 07/15/2025',19600.00,3100.00,0.00,0.00,882.00,588.00,100.00,0.00,18030.00,'Pending'),(494,10026,'07/01/2025 to 07/15/2025',14500.00,2500.00,0.00,0.00,652.50,435.00,100.00,0.00,13312.50,'Pending'),(495,10027,'07/01/2025 to 07/15/2025',14500.00,2500.00,0.00,0.00,652.50,435.00,100.00,0.00,13312.50,'Pending'),(496,10028,'07/01/2025 to 07/15/2025',14500.00,2500.00,0.00,0.00,652.50,435.00,100.00,0.00,13312.50,'Pending'),(497,10029,'07/01/2025 to 07/15/2025',13750.00,2500.00,0.00,0.00,618.75,412.50,100.00,0.00,12618.75,'Pending'),(498,10030,'07/01/2025 to 07/15/2025',13750.00,2500.00,0.00,0.00,618.75,412.50,100.00,0.00,12618.75,'Pending'),(499,10031,'07/01/2025 to 07/15/2025',13750.00,2500.00,0.00,0.00,618.75,412.50,100.00,0.00,12618.75,'Pending'),(500,10032,'07/01/2025 to 07/15/2025',13750.00,2500.00,0.00,0.00,618.75,412.50,100.00,0.00,12618.75,'Pending'),(501,10033,'07/01/2025 to 07/15/2025',13750.00,2500.00,0.00,0.00,618.75,412.50,100.00,0.00,12618.75,'Pending'),(502,10034,'07/01/2025 to 07/15/2025',13750.00,2500.00,0.00,0.00,618.75,412.50,100.00,0.00,12618.75,'Pending'),(503,10035,'07/01/2025 to 07/15/2025',46500.00,1500.00,0.00,0.00,2092.50,1395.00,100.00,3932.50,38980.00,'Pending'),(504,10036,'07/01/2025 to 07/15/2025',29500.00,4500.00,0.00,0.00,1327.50,885.00,100.00,1078.13,26109.38,'Pending'),(505,10001,'07/01/2025 to 07/15/2025',60214.20,4500.00,10714.20,0.00,2709.64,1806.43,100.00,6469.63,49128.51,'Pending'),(506,10002,'07/01/2025 to 07/15/2025',41642.80,4500.00,7142.80,0.00,1873.93,1249.28,100.00,3033.92,35385.67,'Pending'),(507,10003,'07/01/2025 to 07/15/2025',41642.80,4500.00,7142.80,0.00,1873.93,1249.28,100.00,3033.92,35385.67,'Pending'),(508,10004,'07/01/2025 to 07/15/2025',41642.80,4500.00,7142.80,0.00,1873.93,1249.28,100.00,3033.92,35385.67,'Pending'),(509,10005,'07/01/2025 to 07/15/2025',29835.00,3500.00,0.00,0.00,1342.58,895.05,100.00,1124.61,26372.77,'Pending'),(510,10006,'07/01/2025 to 07/15/2025',29835.00,3500.00,0.00,0.00,1342.58,895.05,100.00,1124.61,26372.77,'Pending'),(511,10007,'07/01/2025 to 07/15/2025',24587.50,3100.00,0.00,0.00,1106.44,737.63,100.00,396.52,22246.92,'Pending'),(512,10008,'07/01/2025 to 07/15/2025',13750.00,2500.00,0.00,0.00,618.75,412.50,100.00,0.00,12618.75,'Pending'),(513,10009,'07/01/2025 to 07/15/2025',13750.00,2500.00,0.00,0.00,618.75,412.50,100.00,0.00,12618.75,'Pending'),(514,10010,'07/01/2025 to 07/15/2025',29835.00,3500.00,0.00,0.00,1342.58,895.05,100.00,1124.61,26372.77,'Pending'),(515,10011,'07/01/2025 to 07/15/2025',28912.50,3500.00,0.00,0.00,1301.06,867.38,100.00,996.61,25647.45,'Pending'),(516,10012,'07/01/2025 to 07/15/2025',22337.50,3100.00,0.00,0.00,1005.19,670.13,100.00,84.33,20477.86,'Pending'),(517,10013,'07/01/2025 to 07/15/2025',14500.00,2500.00,0.00,0.00,652.50,435.00,100.00,0.00,13312.50,'Pending'),(518,10014,'07/01/2025 to 07/15/2025',14500.00,2500.00,0.00,0.00,652.50,435.00,100.00,0.00,13312.50,'Pending'),(519,10015,'07/01/2025 to 07/15/2025',30250.00,3500.00,0.00,0.00,1361.25,907.50,100.00,1182.19,26699.06,'Pending'),(520,10016,'07/01/2025 to 07/15/2025',24587.50,3100.00,0.00,0.00,1106.44,737.63,100.00,396.52,22246.92,'Pending'),(521,10017,'07/01/2025 to 07/15/2025',24587.50,3100.00,0.00,0.00,1106.44,737.63,100.00,396.52,22246.92,'Pending'),(522,10018,'07/01/2025 to 07/15/2025',15137.50,2500.00,0.00,0.00,681.19,454.13,100.00,0.00,13902.19,'Pending'),(523,10019,'07/01/2025 to 07/15/2025',15137.50,2500.00,0.00,0.00,681.19,454.13,100.00,0.00,13902.19,'Pending'),(524,10020,'07/01/2025 to 07/15/2025',16737.50,2500.00,0.00,0.00,753.19,502.13,100.00,0.00,15382.19,'Pending'),(525,10021,'07/01/2025 to 07/15/2025',16737.50,2500.00,0.00,0.00,753.19,502.13,100.00,0.00,15382.19,'Pending'),(526,10022,'07/01/2025 to 07/15/2025',14500.00,2500.00,0.00,0.00,652.50,435.00,100.00,0.00,13312.50,'Pending'),(527,10023,'07/01/2025 to 07/15/2025',19600.00,3100.00,0.00,0.00,882.00,588.00,100.00,0.00,18030.00,'Pending'),(528,10024,'07/01/2025 to 07/15/2025',19600.00,3100.00,0.00,0.00,882.00,588.00,100.00,0.00,18030.00,'Pending'),(529,10025,'07/01/2025 to 07/15/2025',19600.00,3100.00,0.00,0.00,882.00,588.00,100.00,0.00,18030.00,'Pending'),(530,10026,'07/01/2025 to 07/15/2025',14500.00,2500.00,0.00,0.00,652.50,435.00,100.00,0.00,13312.50,'Pending'),(531,10027,'07/01/2025 to 07/15/2025',14500.00,2500.00,0.00,0.00,652.50,435.00,100.00,0.00,13312.50,'Pending'),(532,10028,'07/01/2025 to 07/15/2025',14500.00,2500.00,0.00,0.00,652.50,435.00,100.00,0.00,13312.50,'Pending'),(533,10029,'07/01/2025 to 07/15/2025',13750.00,2500.00,0.00,0.00,618.75,412.50,100.00,0.00,12618.75,'Pending'),(534,10030,'07/01/2025 to 07/15/2025',13750.00,2500.00,0.00,0.00,618.75,412.50,100.00,0.00,12618.75,'Pending'),(535,10031,'07/01/2025 to 07/15/2025',13750.00,2500.00,0.00,0.00,618.75,412.50,100.00,0.00,12618.75,'Pending'),(536,10032,'07/01/2025 to 07/15/2025',13750.00,2500.00,0.00,0.00,618.75,412.50,100.00,0.00,12618.75,'Pending'),(537,10033,'07/01/2025 to 07/15/2025',13750.00,2500.00,0.00,0.00,618.75,412.50,100.00,0.00,12618.75,'Pending'),(538,10034,'07/01/2025 to 07/15/2025',13750.00,2500.00,0.00,0.00,618.75,412.50,100.00,0.00,12618.75,'Pending'),(539,10035,'07/01/2025 to 07/15/2025',46500.00,1500.00,0.00,0.00,2092.50,1395.00,100.00,3932.50,38980.00,'Pending'),(540,10036,'07/01/2025 to 07/15/2025',29500.00,4500.00,0.00,0.00,1327.50,885.00,100.00,1078.13,26109.38,'Pending'),(1000,10001,'03/01/2025 to 03/15/2025',45000.00,4500.00,0.00,0.00,2025.00,2250.00,1500.00,9000.00,36725.00,'Approved'),(1001,10002,'03/01/2025 to 03/15/2025',30000.00,4500.00,0.00,0.00,1350.00,1500.00,1000.00,5400.00,26750.00,'Approved'),(1002,10004,'03/01/2025 to 03/15/2025',30000.00,4500.00,875.00,0.00,1350.00,1500.00,1000.00,5400.00,27625.00,'Approved'),(1003,10005,'03/01/2025 to 03/15/2025',26335.00,3500.00,0.00,0.00,1185.08,1316.75,877.83,4630.50,22526.60,'Approved'),(1004,10006,'03/01/2025 to 03/15/2025',26335.00,3500.00,450.00,0.00,1185.08,1316.75,877.83,4630.50,22976.60,'Approved'),(1005,10001,'03/16/2025 to 03/31/2025',45000.00,4500.00,1875.00,0.00,2025.00,2250.00,1500.00,9000.00,38600.00,'Approved'),(1006,10002,'03/16/2025 to 03/31/2025',30000.00,4500.00,1093.75,0.00,1350.00,1500.00,1000.00,5400.00,28343.75,'Approved'),(1007,10003,'03/16/2025 to 03/31/2025',30000.00,4500.00,625.00,0.00,1350.00,1500.00,1000.00,5400.00,27775.00,'Approved'),(1008,10004,'03/16/2025 to 03/31/2025',30000.00,4500.00,0.00,0.00,1350.00,1500.00,1000.00,5400.00,27650.00,'Approved'),(1009,10005,'03/16/2025 to 03/31/2025',26335.00,3500.00,1969.38,0.00,1185.08,1316.75,877.83,4630.50,24795.22,'Approved'),(1010,10001,'04/01/2025 to 04/15/2025',45000.00,4500.00,3214.28,0.00,2025.00,2250.00,1500.00,9000.00,39939.28,'Approved'),(1011,10002,'04/01/2025 to 04/15/2025',30000.00,4500.00,1249.99,0.00,1350.00,1500.00,1000.00,5400.00,28499.99,'Approved'),(1012,10006,'04/01/2025 to 04/15/2025',26335.00,3500.00,0.00,0.00,1185.08,1316.75,877.83,4630.50,22726.60,'Approved'),(1013,10008,'04/01/2025 to 04/15/2025',21487.50,3100.00,1200.00,0.00,966.94,1074.38,716.25,3830.25,19210.06,'Approved'),(1014,10010,'04/01/2025 to 04/15/2025',26335.00,3500.00,627.00,0.00,1185.08,1316.75,877.83,4630.50,23353.60,'Approved'),(1015,10015,'04/16/2025 to 04/30/2025',22500.00,3500.00,625.00,0.00,1012.50,1125.00,750.00,4050.00,20700.00,'Approved'),(1016,10020,'04/16/2025 to 04/30/2025',22500.00,3500.00,1000.00,0.00,1012.50,1125.00,750.00,4050.00,21062.50,'Approved'),(1017,10025,'04/16/2025 to 04/30/2025',22500.00,3500.00,0.00,0.00,1012.50,1125.00,750.00,4050.00,20062.50,'Processing'),(1018,10030,'04/16/2025 to 04/30/2025',22500.00,3500.00,0.00,875.00,1012.50,1125.00,750.00,4050.00,19187.50,'Processing'),(1019,10003,'05/01/2025 to 05/15/2025',30000.00,4500.00,0.00,0.00,1350.00,1500.00,1000.00,5400.00,27650.00,'Processing'),(1020,10035,'05/01/2025 to 05/15/2025',45000.00,1500.00,750.00,0.00,2025.00,2250.00,1500.00,9000.00,37525.00,'Processing'),(1021,10001,'03/01/2025 to 03/14/2025',0.00,4500.00,0.00,0.00,2025.00,1350.00,100.00,3655.00,-2630.00,'Pending'),(1022,10002,'03/01/2025 to 03/14/2025',0.00,4500.00,0.00,0.00,1350.00,900.00,100.00,1147.50,1002.50,'Pending'),(1023,10003,'03/01/2025 to 03/14/2025',0.00,4500.00,0.00,0.00,1350.00,900.00,100.00,1147.50,1002.50,'Pending'),(1024,10004,'03/01/2025 to 03/14/2025',0.00,4500.00,0.00,0.00,1350.00,900.00,100.00,1147.50,1002.50,'Pending'),(1025,10005,'03/01/2025 to 03/14/2025',0.00,3500.00,0.00,0.00,1185.08,790.05,100.00,638.98,785.89,'Pending'),(1026,10006,'03/01/2025 to 03/14/2025',0.00,3500.00,0.00,0.00,1185.08,790.05,100.00,638.98,785.89,'Pending'),(1027,10007,'03/01/2025 to 03/14/2025',0.00,3100.00,0.00,0.00,966.94,644.63,100.00,0.00,1388.44,'Pending'),(1028,10008,'03/01/2025 to 03/14/2025',0.00,2500.00,0.00,0.00,506.25,337.50,100.00,0.00,1556.25,'Pending'),(1029,10009,'03/01/2025 to 03/14/2025',0.00,2500.00,0.00,0.00,506.25,337.50,100.00,0.00,1556.25,'Pending'),(1030,10010,'03/01/2025 to 03/14/2025',0.00,3500.00,0.00,0.00,1185.08,790.05,100.00,638.98,785.89,'Pending'),(1031,10011,'03/01/2025 to 03/14/2025',0.00,3500.00,0.00,0.00,1143.56,762.38,100.00,510.98,983.08,'Pending'),(1032,10012,'03/01/2025 to 03/14/2025',0.00,3100.00,0.00,0.00,865.69,577.13,100.00,0.00,1557.19,'Pending'),(1033,10013,'03/01/2025 to 03/14/2025',0.00,2500.00,0.00,0.00,540.00,360.00,100.00,0.00,1500.00,'Pending'),(1034,10014,'03/01/2025 to 03/14/2025',0.00,2500.00,0.00,0.00,540.00,360.00,100.00,0.00,1500.00,'Pending'),(1035,10015,'03/01/2025 to 03/14/2025',0.00,3500.00,0.00,0.00,1203.75,802.50,100.00,696.56,697.19,'Pending'),(1036,10016,'03/01/2025 to 03/14/2025',0.00,3100.00,0.00,0.00,966.94,644.63,100.00,0.00,1388.44,'Pending'),(1037,10017,'03/01/2025 to 03/14/2025',0.00,3100.00,0.00,0.00,966.94,644.63,100.00,0.00,1388.44,'Pending'),(1038,10018,'03/01/2025 to 03/14/2025',0.00,2500.00,0.00,0.00,568.69,379.13,100.00,0.00,1452.19,'Pending'),(1039,10019,'03/01/2025 to 03/14/2025',0.00,2500.00,0.00,0.00,568.69,379.13,100.00,0.00,1452.19,'Pending'),(1040,10020,'03/01/2025 to 03/14/2025',0.00,2500.00,0.00,0.00,640.69,427.13,100.00,0.00,1332.19,'Pending'),(1041,10021,'03/01/2025 to 03/14/2025',0.00,2500.00,0.00,0.00,640.69,427.13,100.00,0.00,1332.19,'Pending'),(1042,10022,'03/01/2025 to 03/14/2025',0.00,2500.00,0.00,0.00,540.00,360.00,100.00,0.00,1500.00,'Pending'),(1043,10023,'03/01/2025 to 03/14/2025',0.00,3100.00,0.00,0.00,742.50,495.00,100.00,0.00,1762.50,'Pending'),(1044,10024,'03/01/2025 to 03/14/2025',0.00,3100.00,0.00,0.00,742.50,495.00,100.00,0.00,1762.50,'Pending'),(1045,10025,'03/01/2025 to 03/14/2025',0.00,3100.00,0.00,0.00,742.50,495.00,100.00,0.00,1762.50,'Pending'),(1046,10026,'03/01/2025 to 03/14/2025',0.00,2500.00,0.00,0.00,540.00,360.00,100.00,0.00,1500.00,'Pending'),(1047,10027,'03/01/2025 to 03/14/2025',0.00,2500.00,0.00,0.00,540.00,360.00,100.00,0.00,1500.00,'Pending'),(1048,10028,'03/01/2025 to 03/14/2025',0.00,2500.00,0.00,0.00,540.00,360.00,100.00,0.00,1500.00,'Pending'),(1049,10029,'03/01/2025 to 03/14/2025',0.00,2500.00,0.00,0.00,506.25,337.50,100.00,0.00,1556.25,'Pending'),(1050,10030,'03/01/2025 to 03/14/2025',0.00,2500.00,0.00,0.00,506.25,337.50,100.00,0.00,1556.25,'Pending'),(1051,10031,'03/01/2025 to 03/14/2025',0.00,2500.00,0.00,0.00,506.25,337.50,100.00,0.00,1556.25,'Pending'),(1052,10032,'03/01/2025 to 03/14/2025',0.00,2500.00,0.00,0.00,506.25,337.50,100.00,0.00,1556.25,'Pending'),(1053,10033,'03/01/2025 to 03/14/2025',0.00,2500.00,0.00,0.00,506.25,337.50,100.00,0.00,1556.25,'Pending'),(1054,10034,'03/01/2025 to 03/14/2025',0.00,2500.00,0.00,0.00,506.25,337.50,100.00,0.00,1556.25,'Pending'),(1055,10035,'03/01/2025 to 03/14/2025',0.00,1500.00,0.00,0.00,2025.00,1350.00,100.00,3655.00,-5630.00,'Pending'),(1056,10036,'03/01/2025 to 03/14/2025',0.00,4500.00,0.00,0.00,1125.00,750.00,100.00,453.75,2071.25,'Pending'),(1057,10037,'03/01/2025 to 03/14/2025',0.00,4500.00,0.00,0.00,1125.00,750.00,100.00,453.75,2071.25,'Pending');
/*!40000 ALTER TABLE `payroll` ENABLE KEYS */;
UNLOCK TABLES;

--
-- Table structure for table `login_credentials`
--

DROP TABLE IF EXISTS `login_credentials`;
/*!40101 SET @saved_cs_client     = @@character_set_client */;
/*!50503 SET character_set_client = utf8mb4 */;
CREATE TABLE `login_credentials` (
  `employee_id` int NOT NULL,
  `name` varchar(200) DEFAULT NULL,
  `password` varchar(255) DEFAULT NULL,
  `role` varchar(50) DEFAULT NULL,
  PRIMARY KEY (`employee_id`),
  CONSTRAINT `login_credentials_ibfk_1` FOREIGN KEY (`employee_id`) REFERENCES `employees` (`employee_id`)
) ENGINE=InnoDB DEFAULT CHARSET=utf8mb4 COLLATE=utf8mb4_0900_ai_ci;
/*!40101 SET character_set_client = @saved_cs_client */;

--
-- Dumping data for table `login_credentials`
--

LOCK TABLES `login_credentials` WRITE;
/*!40000 ALTER TABLE `login_credentials` DISABLE KEYS */;
INSERT INTO `login_credentials` VALUES (10001,'Garcia Manuel III','10001','HUMAN RESOURCE'),(10002,'Lim Antonio','10002','PAYROLL STAFF'),(10003,'Aquino Bianca Sofia','10003','EMPLOYEE'),(10004,'Reyes Isabella','10004','SUPERVISOR'),(10005,'Eduard Hernandez','10005','EMPLOYEE'),(10006,'Villanueva Andrea Mae','10006','EMPLOYEE'),(10007,'San Jose Brad','10007','SUPERVISOR'),(10008,'Romualdez Fredrick','10008','EMPLOYEE'),(10009,'Atienza Cristina','10009','EMPLOYEE'),(10010,'Alvaro Roderick','10010','HUMAN RESOURCE'),(10011,'Salcedo Anthony','10011','SUPERVISOR'),(10012,'Lopez Christian','10012','EMPLOYEE'),(10013,'Mendoza Angelo','10013','EMPLOYEE'),(10014,'Santos Angelica','10014','PAYROLL STAFF'),(10015,'Rosario Cydney','10015','EMPLOYEE'),(10016,'Bautista Sandra','10016','SUPERVISOR'),(10017,'Villanueva Andrea Mae','10017','EMPLOYEE'),(10018,'Ramos Martha','10018','HUMAN RESOURCE'),(10019,'Gutierrez Rafael','10019','EMPLOYEE'),(10020,'Montero Rita','10020','PAYROLL STAFF'),(10021,'De Leon Leila','10021','EMPLOYEE'),(10022,'Fernandez Carl','10022','SUPERVISOR'),(10023,'Valdez Jennie','10023','EMPLOYEE'),(10024,'Cruz Rafael','10024','EMPLOYEE'),(10025,'Domingo Gloria','10025','HUMAN RESOURCE'),(10026,'Santiago Selena','10026','EMPLOYEE'),(10027,'Mata Christian','10027','PAYROLL STAFF'),(10028,'Mercado Emma','10028','SUPERVISOR'),(10029,'Navarro Joshua','10029','EMPLOYEE'),(10030,'Mendoza Emilio','10030','EMPLOYEE'),(10031,'Pineda Christine','10031','EMPLOYEE'),(10032,'Torres Jayson','10032','EMPLOYEE'),(10033,'Castro Aurora','10033','EMPLOYEE'),(10034,'Martinez Divina','10034','EMPLOYEE'),(10035,'John Paul Arquita','1234','EMPLOYEE');
/*!40000 ALTER TABLE `login_credentials` ENABLE KEYS */;
UNLOCK TABLES;

--
-- Table structure for table `leave_balances`
--

DROP TABLE IF EXISTS `leave_balances`;
/*!40101 SET @saved_cs_client     = @@character_set_client */;
/*!50503 SET character_set_client = utf8mb4 */;
CREATE TABLE `leave_balances` (
  `balance_id` int NOT NULL AUTO_INCREMENT,
  `employee_id` int DEFAULT NULL,
  `vacation_leave` decimal(5,2) DEFAULT NULL,
  `sick_leave` decimal(5,2) DEFAULT NULL,
  PRIMARY KEY (`balance_id`),
  KEY `employee_id` (`employee_id`),
  CONSTRAINT `leave_balances_ibfk_1` FOREIGN KEY (`employee_id`) REFERENCES `employees` (`employee_id`)
) ENGINE=InnoDB AUTO_INCREMENT=67 DEFAULT CHARSET=utf8mb4 COLLATE=utf8mb4_0900_ai_ci;
/*!40101 SET character_set_client = @saved_cs_client */;

--
-- Dumping data for table `leave_balances`
--

LOCK TABLES `leave_balances` WRITE;
/*!40000 ALTER TABLE `leave_balances` DISABLE KEYS */;
INSERT INTO `leave_balances` VALUES (1,10001,21.00,24.00),(2,10002,22.00,24.00),(3,10003,24.00,24.00),(4,10004,19.00,24.00),(5,10005,24.00,24.00),(6,10006,21.00,24.00),(7,10007,24.00,24.00),(8,10008,23.00,24.00),(9,10009,24.00,24.00),(10,10010,24.00,22.00),(11,10011,24.00,24.00),(12,10012,23.00,24.00),(13,10013,24.00,24.00),(14,10014,24.00,24.00),(15,10015,24.00,23.00),(16,10016,24.00,24.00),(17,10017,24.00,24.00),(18,10018,22.00,24.00),(19,10019,24.00,24.00),(20,10020,24.00,22.00),(21,10021,24.00,24.00),(22,10022,24.00,24.00),(23,10023,24.00,24.00),(24,10024,24.00,24.00),(25,10025,24.00,23.00),(26,10026,24.00,24.00),(27,10027,24.00,24.00),(28,10028,24.00,24.00),(29,10029,24.00,24.00),(30,10030,23.00,24.00),(31,10031,24.00,24.00),(32,10032,24.00,24.00),(33,10033,24.00,24.00),(34,10034,24.00,24.00),(64,10035,23.00,24.00),(65,10035,23.00,24.00),(66,10035,23.00,24.00);
/*!40000 ALTER TABLE `leave_balances` ENABLE KEYS */;
UNLOCK TABLES;

--
-- Table structure for table `leave_requests`
--

DROP TABLE IF EXISTS `leave_requests`;
/*!40101 SET @saved_cs_client     = @@character_set_client */;
/*!50503 SET character_set_client = utf8mb4 */;
CREATE TABLE `leave_requests` (
  `leave_id` int NOT NULL AUTO_INCREMENT,
  `employee_id` int DEFAULT NULL,
  `date_filed` date DEFAULT NULL,
  `leave_type` varchar(50) DEFAULT NULL,
  `from_date` date DEFAULT NULL,
  `to_date` date DEFAULT NULL,
  `number_of_days` decimal(5,2) DEFAULT NULL,
  `reason` varchar(255) DEFAULT NULL,
  `status` varchar(50) DEFAULT NULL,
  PRIMARY KEY (`leave_id`),
  KEY `employee_id` (`employee_id`),
  CONSTRAINT `leave_requests_ibfk_1` FOREIGN KEY (`employee_id`) REFERENCES `employees` (`employee_id`)
) ENGINE=InnoDB AUTO_INCREMENT=217 DEFAULT CHARSET=utf8mb4 COLLATE=utf8mb4_0900_ai_ci;
/*!40101 SET character_set_client = @saved_cs_client */;

--
-- Dumping data for table `leave_requests`
--

LOCK TABLES `leave_requests` WRITE;
/*!40000 ALTER TABLE `leave_requests` DISABLE KEYS */;
INSERT INTO `leave_requests` VALUES (1,10001,'2025-03-14','Vacation Leave','2025-03-15','2025-03-15',1.00,'First Leave','Approved'),(2,10002,'2025-03-14','Vacation Leave','2025-03-15','2025-03-15',1.00,'First Leave','Approved'),(3,10003,'2025-03-14','Vacation Leave','2025-03-15','2025-03-15',1.00,'First Leave','Approved'),(4,10004,'2025-03-14','Vacation Leave','2025-03-15','2025-03-15',1.00,'First Leave','Approved'),(5,10004,'2025-03-22','Vacation Leave','2025-03-23','2025-03-28',5.00,'Leave','Approved'),(8,10003,'2025-06-30','Vacation Leave','2025-06-30','2025-07-01',1.00,'Birthday','Pending'),(9,10003,'2025-06-30','Vacation Leave','2025-06-30','2025-07-01',1.00,'vacation','Pending'),(10,10003,'2025-06-30','Vacation Leave','2025-06-30','2025-07-01',1.00,'Birthday','Pending'),(11,10003,'2025-06-30','Vacation Leave','2025-06-30','2025-07-01',1.00,'Birthday','Pending'),(12,10003,'2025-06-30','Vacation Leave','2025-06-30','2025-07-01',1.00,'BDAY','Pending'),(13,10003,'2025-06-30','Vacation Leave','2025-06-30','2025-07-01',1.00,'j','Pending'),(14,10003,'2025-06-30','Vacation Leave','2025-06-30','2025-07-01',1.00,'1','Pending'),(15,10003,'2025-06-30','Vacation Leave','2025-06-30','2025-07-01',1.00,'q','Pending'),(16,10003,'2025-06-30','Vacation Leave','2025-06-30','2025-07-01',1.00,'q','Pending'),(17,10003,'2025-06-30','Sick Leave','2025-06-30','2025-07-01',1.00,'sick','Pending'),(18,10003,'2025-06-30','Sick Leave','2025-06-30','2025-07-01',1.00,'sick','Pending'),(19,10001,'2025-07-01','Vacation Leave','2025-07-02','2025-07-03',2.00,'Birthday','Pending'),(20,10002,'2025-07-02','Vacation Leave','2025-07-02','2025-07-03',2.00,'q','Rejected'),(200,10001,'2025-03-20','Vacation Leave','2025-04-01','2025-04-03',3.00,'Family vacation trip','Approved'),(201,10002,'2025-03-25','Vacation Leave','2025-04-15','2025-04-16',2.00,'Personal matters','Approved'),(202,10005,'2025-04-01','Vacation Leave','2025-04-20','2025-04-22',3.00,'Rest and relaxation','Pending'),(203,10006,'2025-04-05','Vacation Leave','2025-05-10','2025-05-12',3.00,'Wedding anniversary','Approved'),(204,10008,'2025-04-10','Vacation Leave','2025-05-01','2025-05-01',1.00,'Labor Day extension','Approved'),(205,10010,'2025-03-18','Sick Leave','2025-03-19','2025-03-20',2.00,'Flu symptoms','Approved'),(206,10015,'2025-04-02','Sick Leave','2025-04-03','2025-04-03',1.00,'Medical consultation','Approved'),(207,10020,'2025-04-12','Sick Leave','2025-04-13','2025-04-14',2.00,'Stomach flu','Approved'),(208,10025,'2025-04-20','Sick Leave','2025-04-21','2025-04-21',1.00,'Dental appointment','Approved'),(209,10012,'2025-03-28','Emergency Leave','2025-03-29','2025-03-29',1.00,'Family emergency','Approved'),(210,10018,'2025-04-08','Emergency Leave','2025-04-09','2025-04-10',2.00,'House flooding','Approved'),(211,10030,'2025-04-25','Emergency Leave','2025-04-26','2025-04-26',1.00,'Child hospitalization','Approved'),(212,10009,'2025-05-01','Maternity Leave','2025-06-01','2025-07-30',60.00,'Maternity leave','Approved'),(213,10013,'2025-05-15','Paternity Leave','2025-06-15','2025-06-21',7.00,'Paternity leave','Pending'),(214,10007,'2025-05-20','Vacation Leave','2025-07-01','2025-07-10',10.00,'Summer vacation','Pending'),(215,10022,'2025-05-22','Vacation Leave','2025-06-20','2025-06-25',6.00,'Out of country trip','Rejected'),(216,10035,'2025-06-01','Sick Leave','2025-06-02','2025-06-02',1.00,'Food poisoning','Pending');
/*!40000 ALTER TABLE `leave_requests` ENABLE KEYS */;
UNLOCK TABLES;

--
-- Table structure for table `overtime_requests`
--

DROP TABLE IF EXISTS `overtime_requests`;
/*!40101 SET @saved_cs_client     = @@character_set_client */;
/*!50503 SET character_set_client = utf8mb4 */;
CREATE TABLE `overtime_requests` (
  `overtime_id` int NOT NULL AUTO_INCREMENT,
  `employee_id` int DEFAULT NULL,
  `date_filed` date DEFAULT NULL,
  `type_request` varchar(50) DEFAULT NULL,
  `from_time` datetime DEFAULT NULL,
  `to_time` datetime DEFAULT NULL,
  `number_of_days` decimal(5,2) DEFAULT NULL,
  `reason` varchar(255) DEFAULT NULL,
  `status` varchar(50) DEFAULT NULL,
  PRIMARY KEY (`overtime_id`),
  KEY `employee_id` (`employee_id`),
  CONSTRAINT `overtime_requests_ibfk_1` FOREIGN KEY (`employee_id`) REFERENCES `employees` (`employee_id`)
) ENGINE=InnoDB AUTO_INCREMENT=111 DEFAULT CHARSET=utf8mb4 COLLATE=utf8mb4_0900_ai_ci;
/*!40101 SET character_set_client = @saved_cs_client */;

--
-- Dumping data for table `overtime_requests`
--

LOCK TABLES `overtime_requests` WRITE;
/*!40000 ALTER TABLE `overtime_requests` DISABLE KEYS */;
INSERT INTO `overtime_requests` VALUES (1,10001,'2025-03-14','Overtime','2025-03-05 00:00:00','2025-03-06 00:00:00',2.00,'First Overtime','Approved'),(2,10002,'2025-03-14','Overtime','2025-03-05 00:00:00','2025-03-06 00:00:00',2.00,'First Overtime','Approved'),(3,10003,'2025-03-14','Overtime','2025-03-05 00:00:00','2025-03-06 00:00:00',2.00,'First Overtime','Approved'),(4,10004,'2025-03-14','Overtime','2025-03-05 00:00:00','2025-03-06 00:00:00',2.00,'First Overtime','Approved'),(8,10001,'2025-07-01','Overtime','2025-07-02 00:00:00','2025-07-02 00:00:00',0.00,'w','Approved'),(9,10001,'2025-07-01','Overtime','2025-07-01 00:00:00','2025-07-01 00:00:00',0.00,'q','Approved'),(10,10001,'2025-07-01','Overtime','2025-07-01 00:00:00','2025-07-01 00:00:00',0.00,'1','Rejected'),(100,10005,'2025-03-10','Overtime','2025-03-15 17:00:00','2025-03-15 22:00:00',5.00,'Server maintenance weekend','Approved'),(101,10006,'2025-03-12','Overtime','2025-03-18 17:00:00','2025-03-18 20:00:00',3.00,'Urgent HR documentation','Approved'),(102,10008,'2025-03-15','Overtime','2025-03-20 17:00:00','2025-03-20 21:30:00',4.50,'Project deadline','Approved'),(103,10010,'2025-03-18','Overtime','2025-03-22 17:00:00','2025-03-22 19:00:00',2.00,'Interview sessions','Approved'),(104,10001,'2025-04-01','Overtime','2025-04-05 17:00:00','2025-04-05 23:00:00',6.00,'Board meeting preparation','Approved'),(105,10002,'2025-04-03','Overtime','2025-04-08 17:00:00','2025-04-08 20:30:00',3.50,'Operations review','Approved'),(106,10015,'2025-04-10','Overtime','2025-04-15 17:00:00','2025-04-15 19:30:00',2.50,'Project completion','Approved'),(107,10020,'2025-04-12','Overtime','2025-04-16 17:00:00','2025-04-16 21:00:00',4.00,'Payroll processing','Approved'),(108,10025,'2025-05-01','Overtime','2025-05-10 17:00:00','2025-05-10 22:00:00',5.00,'Special project','Pending'),(109,10030,'2025-05-05','Overtime','2025-05-12 17:00:00','2025-05-12 18:30:00',1.50,'Design completion','Rejected'),(110,10035,'2025-05-15','Overtime','2025-05-20 17:00:00','2025-05-20 20:00:00',3.00,'Data entry backlog','Pending');
/*!40000 ALTER TABLE `overtime_requests` ENABLE KEYS */;
UNLOCK TABLES;
/*!40103 SET TIME_ZONE=@OLD_TIME_ZONE */;

/*!40101 SET SQL_MODE=@OLD_SQL_MODE */;
/*!40014 SET FOREIGN_KEY_CHECKS=@OLD_FOREIGN_KEY_CHECKS */;
/*!40014 SET UNIQUE_CHECKS=@OLD_UNIQUE_CHECKS */;
/*!40101 SET CHARACTER_SET_CLIENT=@OLD_CHARACTER_SET_CLIENT */;
/*!40101 SET CHARACTER_SET_RESULTS=@OLD_CHARACTER_SET_RESULTS */;
/*!40101 SET COLLATION_CONNECTION=@OLD_COLLATION_CONNECTION */;
/*!40111 SET SQL_NOTES=@OLD_SQL_NOTES */;

-- Dump completed on 2025-07-11  4:19:07
